notice_id,portal_id,configuration,candidate_count
N000003,P002,32x4,160
N000010,P004,32x4,91
N000023,P006,32x4,147
N000026,P001,32x4,144
N000030,P021,32x4,0
N000036,P002,32x4,63
N000043,P189,32x4,2
N000050,P225,32x4,2
N000051,P215,32x4,3
N000052,P038,32x4,3
N000056,P002,32x4,149
N000058,P001,32x4,150
N000064,P004,32x4,5
N000065,P003,32x4,31
N000070,P002,32x4,178
N000078,P153,32x4,2
N000119,P001,32x4,196
N000124,P002,32x4,97
N000131,P005,32x4,112
N000135,P002,32x4,165
N000139,P113,32x4,9
N000145,P002,32x4,46
N000160,P215,32x4,1
N000161,P002,32x4,87
N000166,P174,32x4,0
N000175,P183,32x4,0
N000183,P002,32x4,66
N000184,P005,32x4,65
N000189,P056,32x4,1
N000202,P017,32x4,1
N000215,P001,32x4,133
N000217,P001,32x4,189
N000219,P215,32x4,6
N000237,P004,32x4,9
N000238,P094,32x4,5
N000250,P006,32x4,25
N000255,P004,32x4,69
N000259,P055,32x4,0
N000262,P006,32x4,4
N000264,P153,32x4,3
N000266,P080,32x4,0
N000268,P002,32x4,211
N000276,P046,32x4,4
N000278,P073,32x4,0
N000282,P019,32x4,0
N000286,P002,32x4,70
N000297,P004,32x4,0
N000314,P002,32x4,0
N000315,P005,32x4,46
N000316,P094,32x4,0
N000321,P006,32x4,151
N000323,P170,32x4,2
N000327,P249,32x4,0
N000335,P151,32x4,2
N000339,P165,32x4,0
N000340,P005,32x4,194
N000355,P003,32x4,152
N000357,P004,32x4,10
N000358,P222,32x4,2
N000359,P054,32x4,2
N000372,P001,32x4,131
N000384,P002,32x4,192
N000391,P006,32x4,124
N000396,P002,32x4,82
N000397,P003,32x4,5
N000412,P005,32x4,233
N000417,P136,32x4,4
N000419,P215,32x4,4
N000420,P063,32x4,0
N000431,P094,32x4,0
N000437,P004,32x4,88
N000443,P002,32x4,146
N000449,P187,32x4,0
N000461,P001,32x4,168
N000463,P006,32x4,74
N000465,P183,32x4,1
N000485,P094,32x4,4
N000486,P082,32x4,4
N000487,P098,32x4,4
N000488,P242,32x4,5
N000489,P114,32x4,5
N000490,P003,32x4,99
N000498,P232,32x4,2
N000514,P006,32x4,37
N000516,P020,32x4,0
N000518,P005,32x4,138
N000557,P078,32x4,2
N000561,P002,32x4,260
N000562,P002,32x4,130
N000566,P005,32x4,24
N000573,P002,32x4,201
N000576,P005,32x4,196
N000577,P046,32x4,0
N000591,P004,32x4,30
N000605,P094,32x4,4
N000607,P065,32x4,0
N000628,P081,32x4,1
N000633,P004,32x4,125
N000640,P005,32x4,146
N000643,P001,32x4,151
N000647,P006,32x4,28
N000659,P005,32x4,204
N000664,P069,32x4,0
N000666,P001,32x4,231
N000670,P094,32x4,2
N000671,P122,32x4,2
N000672,P002,32x4,179
N000675,P006,32x4,10
N000684,P122,32x4,0
N000697,P001,32x4,235
N000702,P004,32x4,3
N000723,P003,32x4,135
N000725,P003,32x4,0
N000735,P001,32x4,245
N000737,P208,32x4,0
N000741,P240,32x4,1
N000745,P121,32x4,1
N000753,P094,32x4,1
N000755,P112,32x4,1
N000768,P120,32x4,1
N000770,P044,32x4,1
N000817,P003,32x4,120
N000818,P094,32x4,1
N000834,P001,32x4,222
N000843,P001,32x4,40
N000852,P002,32x4,281
N000864,P198,32x4,0
N000873,P004,32x4,178
N000883,P004,32x4,111
N000884,P003,32x4,69
N000889,P001,32x4,283
N000890,P240,32x4,1
N000895,P004,32x4,148
N000906,P172,32x4,1
N000923,P004,32x4,99
N000926,P001,32x4,14
N000937,P094,32x4,2
N000938,P005,32x4,73
N000964,P006,32x4,24
N000982,P102,32x4,3
N000985,P006,32x4,25
N000986,P013,32x4,0
N000990,P003,32x4,83
N000992,P044,32x4,1
N000993,P129,32x4,1
N001001,P001,32x4,108
N001005,P001,32x4,137
N001006,P046,32x4,2
N001010,P005,32x4,296
N001011,P255,32x4,0
N001013,P058,32x4,2
N001022,P026,32x4,1
N001023,P001,32x4,165
N001025,P005,32x4,178
N001027,P061,32x4,2
N001043,P144,32x4,1
N001044,P001,32x4,198
N001053,P056,32x4,2
N001063,P171,32x4,0
N001074,P005,32x4,195
N001075,P006,32x4,32
N001083,P181,32x4,4
N001101,P001,32x4,178
N001104,P063,32x4,0
N001105,P002,32x4,277
N001107,P006,32x4,144
N001115,P001,32x4,134
N001118,P129,32x4,1
N001120,P240,32x4,1
N001124,P217,32x4,1
N001137,P225,32x4,0
N001138,P004,32x4,114
N001140,P003,32x4,3
N001141,P141,32x4,2
N001142,P107,32x4,0
N001143,P004,32x4,3
N001163,P207,32x4,1
N001165,P133,32x4,1
N001173,P004,32x4,19
N001174,P188,32x4,2
N001176,P232,32x4,0
N001180,P006,32x4,1
N001185,P006,32x4,167
N001189,P026,32x4,7
N001198,P006,32x4,9
N001207,P015,32x4,1
N001257,P002,32x4,169
N001258,P137,32x4,1
N001261,P240,32x4,1
N001271,P174,32x4,1
N001282,P001,32x4,5
N001284,P002,32x4,89
N001285,P001,32x4,109
N001289,P005,32x4,316
N001291,P191,32x4,1
N001295,P020,32x4,1
N001296,P004,32x4,73
N001309,P004,32x4,146
N001314,P005,32x4,121
N001323,P013,32x4,3
N001325,P222,32x4,1
N001326,P002,32x4,123
N001328,P183,32x4,1
N001334,P006,32x4,15
N001335,P005,32x4,128
N001338,P094,32x4,1
N001340,P044,32x4,1
N001357,P148,32x4,0
N001360,P094,32x4,1
N001361,P020,32x4,1
N001362,P136,32x4,0
N001363,P002,32x4,211
N001364,P240,32x4,1
N001365,P048,32x4,1
N001372,P174,32x4,0
N001376,P003,32x4,109
N001377,P229,32x4,0
N001381,P056,32x4,0
N001394,P003,32x4,135
N001403,P002,32x4,319
N001405,P122,32x4,0
N001413,P156,32x4,1
N001415,P006,32x4,1
N001422,P142,32x4,0
N001432,P003,32x4,94
N001435,P088,32x4,1
N001436,P004,32x4,167
N001443,P003,32x4,15
N001446,P006,32x4,104
N001447,P060,32x4,1
N001458,P094,32x4,0
N001475,P004,32x4,48
N001484,P003,32x4,26
N001488,P062,32x4,7
N001497,P003,32x4,82
N001498,P001,32x4,27
N001509,P094,32x4,4
N001510,P002,32x4,288
N001515,P207,32x4,0
N001521,P005,32x4,234
N001525,P004,32x4,30
N001567,P133,32x4,2
N001578,P003,32x4,4
N001623,P002,32x4,263
N001624,P244,32x4,1
N001629,P210,32x4,0
N001633,P221,32x4,8
N001634,P094,32x4,2
N001653,P006,32x4,110
N001654,P096,32x4,1
N001666,P003,32x4,6
N001669,P097,32x4,0
N001677,P003,32x4,55
N001678,P003,32x4,91
N001685,P002,32x4,171
N001686,P094,32x4,1
N001699,P003,32x4,132
N001702,P006,32x4,101
N001720,P003,32x4,66
N001733,P248,32x4,2
N001734,P147,32x4,2
N001735,P006,32x4,40
N001746,P003,32x4,207
N001758,P053,32x4,0
N001760,P094,32x4,1
N001761,P168,32x4,1
N001764,P181,32x4,7
N001765,P006,32x4,29
N001784,P004,32x4,39
N001785,P003,32x4,51
N001791,P006,32x4,77
N001804,P002,32x4,154
N001817,P001,32x4,1
N001833,P003,32x4,93
N001863,P005,32x4,255
N001865,P214,32x4,1
N001873,P094,32x4,4
N001874,P251,32x4,4
N001879,P001,32x4,97
N001880,P005,32x4,128
N001889,P001,32x4,247
N001902,P004,32x4,94
N001905,P001,32x4,221
N001915,P232,32x4,1
N001918,P002,32x4,129
N001934,P006,32x4,39
N001937,P002,32x4,279
N001940,P004,32x4,41
N001948,P233,32x4,0
N001957,P078,32x4,2
N001958,P246,32x4,2
N001977,P002,32x4,260
N001983,P131,32x4,1
N001984,P003,32x4,134
N001988,P041,32x4,0
N002008,P026,32x4,0
N002017,P004,32x4,28
N002019,P006,32x4,42
N002021,P002,32x4,217
N002036,P001,32x4,129
N002040,P189,32x4,2
N002043,P054,32x4,7
N002056,P004,32x4,103
N002058,P005,32x4,217
N002059,P001,32x4,228
N002071,P002,32x4,147
N002084,P127,32x4,0
N002085,P088,32x4,0
N002086,P004,32x4,2
N002088,P006,32x4,92
N002106,P086,32x4,1
N002132,P003,32x4,79
N002149,P244,32x4,9
N002155,P002,32x4,180
N002156,P004,32x4,12
N002163,P004,32x4,82
N002169,P159,32x4,4
N002171,P117,32x4,2
N002173,P071,32x4,4
N002186,P094,32x4,0
N002197,P240,32x4,1
N002198,P001,32x4,141
N002200,P004,32x4,69
N002201,P061,32x4,2
N002204,P072,32x4,2
N002216,P094,32x4,1
N002218,P240,32x4,1
N002225,P136,32x4,0
N002229,P004,32x4,105
N002230,P021,32x4,0
N002242,P234,32x4,0
N002248,P092,32x4,2
N002267,P176,32x4,0
N002287,P096,32x4,0
N002290,P005,32x4,132
N002299,P001,32x4,269
N002300,P002,32x4,261
N002304,P006,32x4,101
N002307,P006,32x4,47
N002316,P002,32x4,191
N002317,P096,32x4,0
N002331,P002,32x4,142
N002342,P158,32x4,4
N002351,P006,32x4,43
N002358,P158,32x4,0
N002389,P208,32x4,1
N002391,P005,32x4,29
N002401,P089,32x4,4
N002426,P005,32x4,201
N002439,P004,32x4,79
N002440,P165,32x4,0
N002443,P117,32x4,1
N002446,P006,32x4,57
N002447,P205,32x4,1
N002468,P094,32x4,4
N002469,P028,32x4,4
N002476,P006,32x4,0
N002502,P020,32x4,1
N002505,P032,32x4,1
N002506,P088,32x4,0
N002507,P094,32x4,7
N002508,P183,32x4,8
N002513,P005,32x4,128
N002516,P214,32x4,1
N002540,P006,32x4,5
N002544,P001,32x4,292
N002548,P006,32x4,27
N002561,P002,32x4,123
N002570,P006,32x4,34
N002578,P005,32x4,284
N002582,P006,32x4,80
N002586,P141,32x4,0
N002589,P003,32x4,102
N002590,P215,32x4,4
N002591,P094,32x4,4
N002595,P184,32x4,4
N002597,P001,32x4,161
N002598,P095,32x4,3
N002605,P006,32x4,134
N002612,P006,32x4,8
N002621,P001,32x4,12
N002626,P005,32x4,133
N002629,P020,32x4,1
N002631,P094,32x4,1
N002639,P069,32x4,1
N002640,P094,32x4,1
N002648,P061,32x4,1
N002652,P006,32x4,19
N002665,P001,32x4,218
N002670,P006,32x4,25
N002673,P003,32x4,21
N002683,P002,32x4,155
N002684,P001,32x4,8
N002685,P006,32x4,86
N002686,P005,32x4,8
N002691,P002,32x4,302
N002700,P003,32x4,145
N002707,P006,32x4,165
N002729,P236,32x4,0
N002748,P003,32x4,88
N002758,P241,32x4,3
N002762,P248,32x4,1
N002765,P005,32x4,265
N002772,P006,32x4,91
N002774,P080,32x4,0
N002786,P006,32x4,13
N002792,P001,32x4,43
N002801,P122,32x4,1
N002802,P002,32x4,200
N002811,P162,32x4,1
N002814,P040,32x4,1
N002817,P002,32x4,138
N002818,P096,32x4,2
N002819,P004,32x4,151
N002821,P006,32x4,122
N002826,P004,32x4,33
N002831,P006,32x4,90
N002852,P094,32x4,1
N002853,P001,32x4,210
N002857,P004,32x4,70
N002862,P144,32x4,0
N002902,P074,32x4,0
N002916,P140,32x4,1
N002919,P214,32x4,1
N002920,P052,32x4,1
N002923,P002,32x4,17
N002928,P004,32x4,76
N002931,P107,32x4,5
N002945,P001,32x4,194
N002947,P002,32x4,121
N002952,P076,32x4,1
N002955,P001,32x4,114
N002957,P003,32x4,13
N002970,P001,32x4,159
N002973,P001,32x4,267
N002974,P005,32x4,131
N002992,P003,32x4,35
N003008,P211,32x4,1
N003019,P005,32x4,140
N003020,P003,32x4,97
N003021,P005,32x4,153
N003022,P227,32x4,0
N003026,P217,32x4,1
N003027,P006,32x4,11
N003050,P002,32x4,41
N003051,P001,32x4,107
N003058,P138,32x4,0
N003079,P001,32x4,275
N003093,P004,32x4,6
N003107,P006,32x4,140
N003121,P004,32x4,134
N003124,P055,32x4,5
N003125,P219,32x4,5
N003126,P001,32x4,236
N003127,P240,32x4,4
N003135,P128,32x4,3
N003144,P001,32x4,247
N003158,P068,32x4,0
N003164,P094,32x4,0
N003185,P215,32x4,4
N003201,P002,32x4,306
N003203,P001,32x4,306
N003208,P003,32x4,79
N003224,P005,32x4,120
N003228,P094,32x4,0
N003236,P005,32x4,201
N003264,P097,32x4,4
N003265,P117,32x4,7
N003267,P160,32x4,4
N003268,P001,32x4,28
N003269,P243,32x4,5
N003270,P005,32x4,282
N003274,P006,32x4,127
N003281,P112,32x4,0
N003288,P001,32x4,9
N003301,P246,32x4,0
N003302,P002,32x4,204
N003308,P006,32x4,5
N003310,P184,32x4,1
N003317,P036,32x4,0
N003319,P006,32x4,76
N003327,P005,32x4,48
N003328,P065,32x4,1
N003338,P003,32x4,94
N003351,P005,32x4,4
N003355,P003,32x4,51
N003362,P094,32x4,1
N003364,P232,32x4,1
N003372,P148,32x4,0
N003382,P002,32x4,15
N003403,P002,32x4,199
N003415,P005,32x4,194
N003418,P185,32x4,1
N003422,P001,32x4,100
N003427,P125,32x4,2
N003435,P249,32x4,1
N003437,P005,32x4,133
N003450,P003,32x4,95
N003466,P094,32x4,1
N003469,P001,32x4,180
N003476,P108,32x4,1
N003489,P042,32x4,0
N003494,P209,32x4,4
N003495,P001,32x4,270
N003498,P026,32x4,2
N003500,P207,32x4,2
N003501,P003,32x4,64
N003503,P092,32x4,0
N003543,P128,32x4,1
N003545,P006,32x4,76
N003555,P002,32x4,212
N003566,P004,32x4,91
N003574,P004,32x4,87
N003582,P001,32x4,202
N003611,P235,32x4,0
N003615,P002,32x4,164
N003630,P109,32x4,0
N003634,P005,32x4,210
N003642,P248,32x4,2
N003644,P005,32x4,22
N003658,P195,32x4,3
N003659,P002,32x4,217
N003661,P044,32x4,3
N003662,P008,32x4,10
N003672,P006,32x4,116
N003674,P004,32x4,2
N003679,P001,32x4,147
N003691,P003,32x4,33
N003701,P094,32x4,0
N003703,P060,32x4,0
N003720,P046,32x4,4
N003729,P044,32x4,6
N003735,P001,32x4,243
N003748,P005,32x4,182
N003751,P006,32x4,61
N003758,P002,32x4,323
N003770,P136,32x4,1
N003781,P099,32x4,1
N003783,P020,32x4,1
N003804,P005,32x4,278
N003813,P219,32x4,0
N003816,P002,32x4,146
N003821,P002,32x4,13
N003823,P001,32x4,226
N003835,P115,32x4,1
N003837,P004,32x4,25
N003845,P111,32x4,1
N003847,P002,32x4,60
N003849,P005,32x4,204
N003854,P232,32x4,0
N003855,P004,32x4,17
N003860,P004,32x4,59
N003863,P006,32x4,41
N003865,P002,32x4,37
N003868,P172,32x4,4
N003883,P006,32x4,51
N003884,P002,32x4,329
N003903,P003,32x4,11
N003908,P020,32x4,0
N003909,P001,32x4,310
N003920,P202,32x4,0
N003939,P116,32x4,0
N003941,P005,32x4,183
N003942,P186,32x4,1
N003947,P240,32x4,1
N003948,P006,32x4,96
N003957,P030,32x4,0
N003982,P005,32x4,125
N003994,P006,32x4,54
N003995,P002,32x4,20
N004001,P004,32x4,53
N004002,P003,32x4,82
N004007,P005,32x4,31
N004013,P002,32x4,275
N004016,P002,32x4,100
N004017,P013,32x4,0
N004023,P234,32x4,0
N004026,P041,32x4,0
N004028,P022,32x4,1
N004043,P006,32x4,87
N004055,P094,32x4,0
N004062,P256,32x4,0
N004065,P004,32x4,23
N004066,P035,32x4,1
N004071,P181,32x4,1
N004072,P150,32x4,1
N004075,P004,32x4,108
N004081,P001,32x4,162
N004084,P006,32x4,89
N004085,P069,32x4,2
N004086,P172,32x4,2
N004094,P015,32x4,0
N004096,P135,32x4,0
N004106,P002,32x4,230
N004107,P006,32x4,118
N004139,P095,32x4,1
N004140,P006,32x4,39
N004151,P002,32x4,225
N004158,P104,32x4,0
N004167,P003,32x4,82
N004168,P001,32x4,146
N004169,P027,32x4,3
N004174,P135,32x4,1
N004177,P240,32x4,1
N004181,P003,32x4,30
N004184,P002,32x4,175
N004186,P004,32x4,128
N004195,P006,32x4,17
N004212,P003,32x4,10
N004216,P050,32x4,2
N004217,P001,32x4,197
N004218,P004,32x4,40
N004220,P006,32x4,36
N004229,P002,32x4,300
N004248,P169,32x4,15
N004269,P245,32x4,7
N004298,P006,32x4,5
N004299,P003,32x4,5
N004306,P044,32x4,2
N004307,P094,32x4,2
N004315,P004,32x4,154
N004323,P061,32x4,0
N004325,P141,32x4,1
N004328,P052,32x4,1
N004333,P208,32x4,0
N004348,P203,32x4,4
N004349,P005,32x4,51
N004353,P078,32x4,2
N004355,P002,32x4,40
N004364,P180,32x4,0
N004369,P089,32x4,0
N004409,P094,32x4,0
N004410,P005,32x4,170
N004413,P002,32x4,256
N004433,P004,32x4,84
N004438,P256,32x4,14
N004442,P094,32x4,1
N004445,P140,32x4,0
N004447,P094,32x4,3
N004449,P221,32x4,11
N004456,P002,32x4,194
N004491,P094,32x4,1
N004492,P002,32x4,29
N004509,P073,32x4,1
N004511,P004,32x4,80
N004522,P005,32x4,273
N004523,P168,32x4,0
N004544,P005,32x4,32
N004549,P003,32x4,16
N004552,P184,32x4,13
N004553,P094,32x4,13
N004563,P004,32x4,9
N004564,P005,32x4,152
N004567,P195,32x4,0
N004578,P006,32x4,82
N004599,P006,32x4,30
N004605,P108,32x4,0
N004629,P003,32x4,93
N004640,P122,32x4,2
N004655,P002,32x4,7
N004657,P004,32x4,140
N004662,P002,32x4,261
N004665,P065,32x4,6
N004672,P001,32x4,265
N004678,P002,32x4,310
N004680,P001,32x4,310
N004683,P004,32x4,109
N004687,P142,32x4,3
N004699,P050,32x4,0
N004708,P005,32x4,95
N004709,P230,32x4,2
N004711,P094,32x4,2
N004729,P004,32x4,84
N004730,P020,32x4,2
N004731,P006,32x4,103
N004742,P068,32x4,2
N004746,P232,32x4,0
N004754,P005,32x4,246
N004757,P054,32x4,1
N004758,P001,32x4,72
N004760,P232,32x4,1
N004762,P005,32x4,50
N004767,P094,32x4,3
N004768,P161,32x4,3
N004781,P011,32x4,5
N004789,P057,32x4,4
N004801,P002,32x4,223
N004802,P028,32x4,1
N004803,P100,32x4,1
N004804,P136,32x4,1
N004822,P002,32x4,15
N004845,P001,32x4,227
N004855,P143,32x4,3
N004856,P001,32x4,269
N004867,P240,32x4,3
N004870,P101,32x4,0
N004877,P143,32x4,0
N004880,P094,32x4,1
N004881,P166,32x4,1
N004906,P182,32x4,0
N004913,P021,32x4,0
N004939,P005,32x4,202
N004944,P002,32x4,32
N004949,P203,32x4,1
N004950,P006,32x4,117
N004951,P003,32x4,3
N004969,P001,32x4,15
N004978,P006,32x4,131
N004988,P002,32x4,315
N005005,P002,32x4,257
N005007,P001,32x4,138
N005024,P171,32x4,0
N005027,P088,32x4,1
N005028,P196,32x4,1
N005040,P235,32x4,1
N005041,P146,32x4,1
N005044,P240,32x4,1
N005045,P242,32x4,1
N005064,P006,32x4,34
N005067,P106,32x4,1
N005072,P005,32x4,92
N005073,P061,32x4,3
N005079,P002,32x4,118
N005080,P003,32x4,119
N005081,P213,32x4,0
N005108,P003,32x4,91
N005109,P105,32x4,1
N005115,P006,32x4,14
N005119,P006,32x4,49
N005121,P232,32x4,3
N005134,P005,32x4,7
N005135,P068,32x4,1
N005137,P154,32x4,0
N005139,P006,32x4,115
N005141,P137,32x4,0
N005163,P003,32x4,118
N005168,P003,32x4,168
N005210,P191,32x4,1
N005219,P011,32x4,1
N005222,P002,32x4,108
N005225,P004,32x4,48
N005231,P136,32x4,1
N005232,P094,32x4,1
N005241,P227,32x4,3
N005242,P040,32x4,7
N005243,P004,32x4,178
N005257,P002,32x4,137
N005260,P001,32x4,143
N005262,P065,32x4,2
N005263,P005,32x4,175
N005271,P003,32x4,167
N005276,P003,32x4,73
N005277,P246,32x4,2
N005288,P005,32x4,245
N005300,P005,32x4,225
N005301,P001,32x4,216
N005304,P122,32x4,3
N005305,P094,32x4,3
N005314,P005,32x4,176
N005321,P044,32x4,2
N005322,P215,32x4,2
N005326,P064,32x4,0
N005332,P020,32x4,1
N005333,P195,32x4,1
N005334,P122,32x4,0
N005337,P003,32x4,147
N005350,P215,32x4,0
N005352,P003,32x4,79
N005365,P106,32x4,0
N005371,P003,32x4,89
N005375,P002,32x4,130
N005378,P094,32x4,2
N005379,P230,32x4,2
N005390,P100,32x4,0
N005393,P211,32x4,0
N005397,P001,32x4,319
N005398,P004,32x4,151
N005403,P003,32x4,97
N005426,P200,32x4,2
N005427,P094,32x4,2
N005431,P002,32x4,3
N005436,P003,32x4,2
N005448,P094,32x4,0
N005451,P013,32x4,1
N005452,P167,32x4,1
N005453,P207,32x4,1
N005472,P005,32x4,75
N005475,P004,32x4,44
N005484,P004,32x4,101
N005487,P089,32x4,0
N005493,P004,32x4,55
N005497,P003,32x4,29
N005508,P004,32x4,86
N005512,P232,32x4,1
N005517,P004,32x4,137
N005556,P002,32x4,128
N005618,P001,32x4,22
N005629,P005,32x4,20
N005634,P238,32x4,1
N005647,P227,32x4,0
N005654,P006,32x4,45
N005664,P120,32x4,1
N005666,P094,32x4,1
N005669,P003,32x4,87
N005676,P032,32x4,1
N005690,P158,32x4,0
N005692,P004,32x4,22
N005716,P004,32x4,106
N005743,P001,32x4,333
N005744,P004,32x4,164
N005750,P004,32x4,30
N005771,P003,32x4,121
N005772,P094,32x4,1
N005773,P198,32x4,1
N005776,P142,32x4,2
N005780,P160,32x4,0
N005787,P020,32x4,0
N005805,P001,32x4,169
N005806,P006,32x4,4
N005814,P003,32x4,17
N005818,P003,32x4,41
N005825,P215,32x4,0
N005828,P004,32x4,113
N005835,P002,32x4,228
N005843,P121,32x4,7
N005855,P214,32x4,0
N005862,P002,32x4,183
N005867,P227,32x4,0
N005873,P002,32x4,174
N005891,P001,32x4,147
N005914,P062,32x4,2
N005917,P057,32x4,2
N005926,P089,32x4,0
N005927,P001,32x4,103
N005941,P002,32x4,263
N005945,P147,32x4,2
N005946,P004,32x4,18
N005953,P040,32x4,1
N005962,P020,32x4,1
N005983,P005,32x4,211
N005985,P004,32x4,35
N005986,P002,32x4,91
N005989,P005,32x4,93
N005990,P147,32x4,2
N006004,P005,32x4,70
N006009,P006,32x4,89
N006025,P074,32x4,0
N006038,P006,32x4,82
N006041,P003,32x4,36
N006045,P002,32x4,268
N006050,P003,32x4,11
N006053,P004,32x4,47
N006064,P003,32x4,38
N006079,P021,32x4,0
N006086,P137,32x4,2
N006087,P044,32x4,2
N006099,P001,32x4,177
N006100,P191,32x4,1
N006112,P002,32x4,134
N006116,P005,32x4,16
N006121,P004,32x4,8
N006131,P141,32x4,0
N006145,P064,32x4,3
N006146,P005,32x4,237
N006150,P003,32x4,35
N006153,P004,32x4,21
N006165,P003,32x4,87
N006167,P072,32x4,0
N006170,P004,32x4,113
N006173,P056,32x4,1
N006178,P002,32x4,53
N006182,P096,32x4,4
N006198,P006,32x4,65
N006200,P003,32x4,122
N006201,P122,32x4,3
N006225,P001,32x4,118
N006227,P221,32x4,2
N006266,P004,32x4,93
N006274,P002,32x4,37
N006275,P143,32x4,0
N006280,P035,32x4,0
N006306,P004,32x4,41
N006313,P101,32x4,13
N006319,P004,32x4,235
N006324,P001,32x4,15
N006325,P073,32x4,2
N006326,P094,32x4,4
N006349,P001,32x4,155
N006359,P005,32x4,127
N006364,P013,32x4,5
N006366,P006,32x4,13
N006385,P004,32x4,109
N006396,P125,32x4,0
N006401,P003,32x4,17
N006419,P001,32x4,267
N006423,P079,32x4,2
N006425,P094,32x4,2
N006457,P003,32x4,84
N006462,P200,32x4,1
N006463,P094,32x4,1
N006470,P001,32x4,252
N006480,P005,32x4,179
N006487,P248,32x4,0
N006491,P005,32x4,127
N006510,P170,32x4,13
N006511,P115,32x4,1
N006512,P001,32x4,140
N006541,P003,32x4,38
N006544,P001,32x4,134
N006545,P156,32x4,1
N006546,P004,32x4,1
N006560,P006,32x4,179
N006564,P244,32x4,9
N006565,P227,32x4,4
N006568,P003,32x4,129
N006569,P005,32x4,247
N006570,P004,32x4,10
N006584,P224,32x4,2
N006588,P015,32x4,7
N006591,P019,32x4,0
N006596,P004,32x4,51
N006620,P003,32x4,118
N006622,P001,32x4,160
N006623,P002,32x4,283
N006638,P006,32x4,15
N006643,P005,32x4,282
N006644,P094,32x4,1
N006646,P006,32x4,78
N006662,P005,32x4,174
N006701,P086,32x4,1
N006712,P108,32x4,1
N006725,P076,32x4,1
N006728,P004,32x4,26
N006730,P006,32x4,62
N006731,P167,32x4,3
N006732,P085,32x4,3
N006759,P013,32x4,1
N006760,P002,32x4,140
N006762,P240,32x4,1
N006764,P004,32x4,34
N006774,P006,32x4,86
N006775,P046,32x4,3
N006802,P005,32x4,147
N006804,P094,32x4,1
N006807,P093,32x4,0
N006820,P135,32x4,0
N006828,P226,32x4,0
N006832,P001,32x4,36
N006856,P004,32x4,19
N006857,P094,32x4,4
N006862,P006,32x4,48
N006863,P005,32x4,287
N006886,P153,32x4,5
N006893,P003,32x4,31
N006901,P217,32x4,0
N006903,P006,32x4,40
N006905,P189,32x4,2
N006906,P129,32x4,2
N006958,P004,32x4,12
N006959,P120,32x4,1
N006976,P001,32x4,179
N006981,P068,32x4,0
N006982,P191,32x4,1
N006996,P166,32x4,0
N006998,P005,32x4,223
N007002,P005,32x4,3
N007004,P193,32x4,1
N007009,P151,32x4,4
N007012,P094,32x4,0
N007021,P003,32x4,54
N007023,P006,32x4,10
N007027,P004,32x4,12
N007029,P114,32x4,9
N007036,P061,32x4,0
N007038,P013,32x4,1
N007053,P006,32x4,96
N007057,P002,32x4,60
N007060,P135,32x4,0
N007062,P001,32x4,166
N007063,P003,32x4,44
N007064,P215,32x4,1
N007076,P156,32x4,0
N007083,P003,32x4,37
N007101,P006,32x4,21
N007104,P175,32x4,1
N007105,P105,32x4,1
N007121,P094,32x4,0
N007128,P162,32x4,0
N007145,P003,32x4,63
N007146,P136,32x4,0
N007148,P002,32x4,303
N007153,P001,32x4,263
N007166,P222,32x4,0
N007181,P089,32x4,0
N007183,P006,32x4,126
N007185,P002,32x4,242
N007188,P094,32x4,0
N007190,P228,32x4,0
N007191,P004,32x4,108
N007193,P002,32x4,289
N007201,P010,32x4,0
N007205,P061,32x4,1
N007207,P136,32x4,1
N007220,P088,32x4,1
N007223,P179,32x4,1
N007233,P005,32x4,150
N007247,P003,32x4,87
N007292,P049,32x4,2
N007300,P001,32x4,136
N007303,P002,32x4,225
N007306,P004,32x4,184
N007313,P205,32x4,0
N007325,P153,32x4,0
N007327,P232,32x4,0
N007334,P094,32x4,1
N007335,P147,32x4,1
N007343,P004,32x4,0
N007366,P184,32x4,2
N007368,P004,32x4,11
N007376,P003,32x4,49
N007382,P003,32x4,46
N007387,P244,32x4,8
N007391,P211,32x4,0
N007396,P094,32x4,1
N007397,P096,32x4,1
N007428,P088,32x4,8
N007430,P005,32x4,137
N007431,P006,32x4,13
N007449,P002,32x4,12
N007453,P168,32x4,4
N007454,P004,32x4,120
N007457,P122,32x4,4
N007461,P003,32x4,32
N007467,P065,32x4,0
N007477,P001,32x4,45
N007478,P004,32x4,26
N007487,P020,32x4,1
N007491,P005,32x4,129
N007497,P005,32x4,14
N007499,P189,32x4,1
N007528,P066,32x4,7
N007541,P020,32x4,0
N007546,P004,32x4,80
N007552,P127,32x4,0
N007557,P003,32x4,59
N007560,P002,32x4,138
N007561,P094,32x4,1
N007568,P240,32x4,4
N007570,P005,32x4,152
N007573,P088,32x4,4
N007574,P006,32x4,94
N007575,P003,32x4,160
N007614,P005,32x4,311
N007615,P006,32x4,122
N007616,P041,32x4,1
N007620,P004,32x4,25
N007621,P113,32x4,1
N007633,P051,32x4,2
N007637,P005,32x4,54
N007639,P137,32x4,0
N007645,P030,32x4,0
N007647,P001,32x4,190
N007652,P005,32x4,340
N007668,P002,32x4,131
N007681,P005,32x4,188
N007687,P006,32x4,120
N007701,P005,32x4,260
N007718,P003,32x4,22
N007728,P003,32x4,14
N007729,P075,32x4,1
N007732,P215,32x4,1
N007764,P021,32x4,2
N007774,P017,32x4,0
N007783,P036,32x4,0
N007784,P233,32x4,2
N007825,P002,32x4,2
N007828,P001,32x4,12
N007841,P002,32x4,313
N007848,P003,32x4,4
N007849,P006,32x4,65
N007856,P052,32x4,1
N007858,P004,32x4,25
N007867,P147,32x4,0
N007874,P005,32x4,35
N007876,P001,32x4,17
N007877,P180,32x4,1
N007889,P006,32x4,152
N007893,P160,32x4,1
N007894,P094,32x4,1
N007902,P001,32x4,31
N007911,P047,32x4,0
N007916,P004,32x4,94
N007921,P003,32x4,3
N007922,P202,32x4,1
N007932,P001,32x4,249
N007938,P214,32x4,0
N007941,P006,32x4,92
N007953,P072,32x4,0
N007965,P002,32x4,319
N007972,P003,32x4,103
N007976,P001,32x4,185
N007988,P021,32x4,0
N007995,P003,32x4,116
N007997,P197,32x4,3
N007999,P166,32x4,4
N008002,P136,32x4,4
N008009,P020,32x4,0
N008010,P002,32x4,178
N008018,P002,32x4,152
N008022,P005,32x4,184
N008027,P182,32x4,0
N008041,P148,32x4,3
N008048,P020,32x4,2
N008049,P248,32x4,4
N008050,P235,32x4,2
N008055,P001,32x4,32
N008071,P006,32x4,40
N008087,P003,32x4,144
N008088,P001,32x4,294
N008093,P055,32x4,4
N008094,P003,32x4,2
N008101,P026,32x4,0
N008105,P236,32x4,0
N008110,P005,32x4,147
N008135,P006,32x4,56
N008152,P036,32x4,1
N008153,P094,32x4,1
N008166,P002,32x4,137
N008176,P002,32x4,115
N008186,P005,32x4,26
N008188,P094,32x4,1
N008190,P020,32x4,1
N008196,P056,32x4,0
N008199,P089,32x4,4
N008208,P002,32x4,124
N008220,P004,32x4,22
N008225,P001,32x4,194
N008230,P005,32x4,134
N008238,P006,32x4,92
N008239,P031,32x4,1
N008248,P065,32x4,1
N008249,P001,32x4,283
N008255,P208,32x4,0
N008261,P001,32x4,127
N008262,P210,32x4,1
N008268,P004,32x4,34
N008280,P034,32x4,0
N008284,P057,32x4,1
N008285,P002,32x4,189
N008288,P006,32x4,34
N008301,P179,32x4,0
N008321,P004,32x4,70
N008330,P004,32x4,13
N008335,P094,32x4,1
N008336,P001,32x4,53
N008357,P070,32x4,0
N008366,P241,32x4,1
N008369,P052,32x4,5
N008376,P006,32x4,79
N008379,P088,32x4,1
N008380,P146,32x4,1
N008382,P001,32x4,44
N008406,P006,32x4,36
N008409,P094,32x4,1
N008410,P070,32x4,1
N008411,P016,32x4,1
N008412,P094,32x4,0
N008443,P003,32x4,85
N008452,P005,32x4,168
N008460,P001,32x4,195
N008464,P006,32x4,101
N008482,P096,32x4,0
N008487,P232,32x4,1
N008488,P253,32x4,1
N008497,P005,32x4,162
N008498,P094,32x4,1
N008499,P052,32x4,4
N008514,P237,32x4,0
N008515,P002,32x4,74
N008517,P004,32x4,4
N008539,P001,32x4,197
N008542,P064,32x4,0
N008545,P071,32x4,2
N008551,P094,32x4,2
N008561,P048,32x4,2
N008562,P004,32x4,85
N008565,P006,32x4,1
N008572,P067,32x4,0
N008583,P004,32x4,88
N008599,P005,32x4,173
N008602,P071,32x4,2
N008603,P002,32x4,154
N008608,P005,32x4,98
N008611,P003,32x4,80
N008630,P002,32x4,208
N008641,P004,32x4,48
N008642,P002,32x4,179
N008645,P001,32x4,282
N008664,P107,32x4,0
N008676,P003,32x4,141
N008677,P174,32x4,1
N008725,P181,32x4,1
N008728,P002,32x4,208
N008733,P025,32x4,7
N008734,P004,32x4,33
N008741,P001,32x4,114
N008744,P104,32x4,0
N008752,P076,32x4,0
N008774,P005,32x4,288
N008784,P001,32x4,287
N008791,P005,32x4,110
N008794,P003,32x4,26
N008801,P193,32x4,0
N008803,P001,32x4,307
N008808,P003,32x4,140
N008816,P005,32x4,152
N008823,P004,32x4,15
N008825,P001,32x4,175
N008828,P054,32x4,1
N008840,P026,32x4,0
N008863,P013,32x4,10
N008873,P004,32x4,42
N008917,P052,32x4,0
N008926,P002,32x4,154
N008928,P004,32x4,125
N008937,P151,32x4,0
N008938,P004,32x4,4
N008943,P217,32x4,1
N008945,P002,32x4,9
N008952,P052,32x4,0
N008956,P195,32x4,5
N008966,P228,32x4,0
N008967,P244,32x4,0
N008968,P059,32x4,0
N008993,P168,32x4,2
N008994,P227,32x4,2
N008995,P193,32x4,2
N008997,P094,32x4,1
N008998,P004,32x4,68
N009010,P003,32x4,105
N009014,P131,32x4,0
N009030,P002,32x4,10
N009040,P004,32x4,110
N009046,P003,32x4,59
N009049,P005,32x4,214
N009060,P001,32x4,173
N009065,P005,32x4,268
N009075,P004,32x4,43
N009079,P001,32x4,61
N009085,P001,32x4,277
N009092,P248,32x4,0
N009100,P133,32x4,0
N009126,P002,32x4,203
N009136,P222,32x4,0
N009138,P046,32x4,0
N009140,P002,32x4,252
N009150,P133,32x4,1
N009151,P001,32x4,271
N009152,P211,32x4,1
N009154,P167,32x4,0
N009162,P002,32x4,271
N009163,P227,32x4,1
N009169,P002,32x4,39
N009175,P072,32x4,13
N009205,P005,32x4,256
N009208,P004,32x4,112
N009213,P004,32x4,146
N009224,P003,32x4,76
N009227,P003,32x4,64
N009234,P006,32x4,19
N009235,P037,32x4,1
N009236,P091,32x4,2
N009237,P006,32x4,116
N009240,P138,32x4,3
N009272,P004,32x4,170
N009281,P002,32x4,123
N009301,P020,32x4,3
N009302,P028,32x4,5
N009303,P006,32x4,103
N009304,P006,32x4,73
N009311,P004,32x4,21
N009318,P249,32x4,0
N009323,P005,32x4,182
N009324,P006,32x4,98
N009330,P225,32x4,0
N009345,P004,32x4,46
N009349,P136,32x4,4
N009350,P240,32x4,4
N009368,P001,32x4,213
N009371,P005,32x4,214
N009372,P238,32x4,6
N009379,P106,32x4,4
N009380,P094,32x4,4
N009384,P005,32x4,227
N009386,P003,32x4,50
N009387,P081,32x4,1
N009409,P006,32x4,20
N009413,P047,32x4,4
N009414,P004,32x4,106
N009437,P004,32x4,102
N009439,P003,32x4,52
N009445,P001,32x4,229
N009455,P002,32x4,16
N009456,P216,32x4,1
N009477,P006,32x4,91
N009478,P001,32x4,183
N009479,P094,32x4,4
N009485,P004,32x4,162
N009495,P003,32x4,57
N009498,P004,32x4,1
N009517,P081,32x4,2
N009521,P005,32x4,258
N009531,P004,32x4,51
N009541,P020,32x4,0
N009546,P002,32x4,280
N009547,P002,32x4,1
N009548,P001,32x4,1
N009553,P004,32x4,60
N009555,P002,32x4,247
N009562,P002,32x4,262
N009564,P002,32x4,280
N009584,P004,32x4,102
N009587,P006,32x4,71
N009592,P206,32x4,0
N009612,P006,32x4,97
N009628,P154,32x4,0
N009630,P006,32x4,39
N009648,P005,32x4,93
N009659,P001,32x4,94
N009665,P003,32x4,2
N009670,P214,32x4,1
N009671,P014,32x4,1
N009675,P002,32x4,267
N009680,P001,32x4,137
N009682,P240,32x4,13
N009700,P003,32x4,94
N009701,P196,32x4,3
N009703,P002,32x4,212
N009705,P172,32x4,4
N009707,P001,32x4,214
N009708,P153,32x4,5
N009718,P094,32x4,3
N009727,P002,32x4,188
N009735,P006,32x4,98
N009745,P002,32x4,209
N009759,P001,32x4,17
N009764,P106,32x4,3
N009766,P003,32x4,91
N009773,P002,32x4,203
N009775,P006,32x4,16
N009782,P206,32x4,1
N009816,P002,32x4,288
N009822,P044,32x4,0
N009823,P002,32x4,176
N009829,P001,32x4,199
N009834,P044,32x4,1
N009835,P004,32x4,9
N009838,P070,32x4,13
N009840,P227,32x4,5
N009841,P003,32x4,142
N009844,P006,32x4,69
N009848,P002,32x4,190
N009854,P002,32x4,221
N009857,P224,32x4,2
N009863,P006,32x4,86
N009866,P240,32x4,2
N009868,P239,32x4,3
N009882,P003,32x4,2
N009890,P191,32x4,0
N009894,P004,32x4,186
N009896,P202,32x4,1
N009916,P004,32x4,45
N009918,P109,32x4,0
N009925,P094,32x4,0
N009928,P003,32x4,107
N009954,P061,32x4,0
N009969,P004,32x4,157
N009975,P067,32x4,0
N009978,P001,32x4,291
N009979,P003,32x4,162
N009982,P004,32x4,19
N009983,P031,32x4,2
N009985,P001,32x4,284
N010005,P117,32x4,0
N010008,P002,32x4,231
N010018,P004,32x4,4
N010020,P008,32x4,12
N010028,P006,32x4,15
N010033,P124,32x4,2
N010034,P098,32x4,2
N010035,P022,32x4,8
N010039,P004,32x4,91
N010073,P004,32x4,95
N010077,P006,32x4,138
N010081,P094,32x4,1
N010082,P001,32x4,6
N010086,P074,32x4,0
N010092,P003,32x4,72
N010093,P005,32x4,26
N010102,P080,32x4,1
N010106,P002,32x4,15
N010107,P121,32x4,1
N010109,P003,32x4,44
N010111,P001,32x4,157
N010116,P010,32x4,0
N010133,P187,32x4,0
N010135,P094,32x4,1
N010136,P023,32x4,1
N010144,P203,32x4,3
N010145,P094,32x4,3
N010185,P006,32x4,0
N010207,P006,32x4,108
N010211,P002,32x4,66
N010218,P036,32x4,0
N010231,P001,32x4,112
N010261,P001,32x4,0
N010265,P056,32x4,0
N010292,P094,32x4,0
N010293,P135,32x4,0
N010317,P021,32x4,2
N010318,P243,32x4,2
N010330,P005,32x4,42
N010335,P002,32x4,237
N010336,P255,32x4,2
N010357,P001,32x4,141
N010360,P002,32x4,259
N010375,P176,32x4,0
N010387,P001,32x4,50
N010389,P240,32x4,4
N010390,P006,32x4,87
N010391,P044,32x4,4
N010406,P136,32x4,7
N010407,P247,32x4,15
N010408,P078,32x4,3
N010411,P006,32x4,88
N010413,P001,32x4,150
N010419,P193,32x4,0
N010431,P041,32x4,3
N010432,P141,32x4,1
N010448,P006,32x4,9
N010471,P207,32x4,1
N010491,P002,32x4,143
N010492,P001,32x4,211
N010497,P002,32x4,267
N010499,P006,32x4,144
N010502,P003,32x4,89
N010506,P058,32x4,1
N010507,P002,32x4,8
N010508,P189,32x4,1
N010509,P006,32x4,116
N010513,P001,32x4,126
N010514,P002,32x4,127
N010526,P225,32x4,2
N010531,P004,32x4,33
N010535,P005,32x4,264
N010547,P003,32x4,77
N010560,P006,32x4,109
N010563,P005,32x4,39
N010570,P001,32x4,195
N010572,P069,32x4,0
N010584,P096,32x4,8
N010598,P006,32x4,20
N010603,P006,32x4,62
N010605,P247,32x4,0
N010609,P005,32x4,142
N010614,P001,32x4,259
N010619,P001,32x4,107
N010620,P065,32x4,1
N010621,P094,32x4,1
N010634,P005,32x4,53
N010660,P129,32x4,0
N010682,P255,32x4,3
N010683,P112,32x4,3
N010689,P006,32x4,10
N010699,P004,32x4,118
N010700,P073,32x4,1
N010711,P224,32x4,0
N010723,P004,32x4,102
N010742,P131,32x4,1
N010743,P240,32x4,1
N010748,P140,32x4,0
N010762,P200,32x4,1
N010766,P053,32x4,1
N010769,P003,32x4,111
N010778,P001,32x4,234
N010788,P148,32x4,0
N010795,P214,32x4,0
N010814,P006,32x4,45
N010823,P004,32x4,1
N010825,P215,32x4,3
N010826,P006,32x4,87
N010844,P096,32x4,4
N010853,P006,32x4,90
N010856,P094,32x4,2
N010857,P004,32x4,88
N010880,P003,32x4,102
N010881,P004,32x4,21
N010890,P003,32x4,127
N010910,P034,32x4,1
N010912,P005,32x4,265
N010918,P186,32x4,2
N010930,P202,32x4,1
N010935,P002,32x4,34
N010941,P026,32x4,1
N010942,P051,32x4,1
N010946,P214,32x4,2
N010960,P215,32x4,0
N010976,P248,32x4,0
N010980,P005,32x4,6
N010981,P094,32x4,1
N010982,P005,32x4,93
N010985,P002,32x4,15
N010999,P240,32x4,4
N011000,P236,32x4,1
N011001,P004,32x4,178
N011017,P001,32x4,251
N011019,P004,32x4,26
N011020,P094,32x4,2
N011033,P002,32x4,273
N011035,P001,32x4,186
N011036,P094,32x4,6
N011041,P001,32x4,296
N011043,P005,32x4,298
N011048,P006,32x4,1
N011053,P006,32x4,73
N011060,P005,32x4,273
N011075,P044,32x4,5
N011076,P001,32x4,259
N011077,P028,32x4,5
N011090,P003,32x4,118
N011092,P006,32x4,1
N011095,P182,32x4,1
N011101,P082,32x4,4
N011108,P002,32x4,183
N011118,P240,32x4,1
N011119,P092,32x4,1
N011122,P003,32x4,80
N011130,P006,32x4,102
N011139,P005,32x4,196
N011140,P003,32x4,1
N011149,P147,32x4,4
N011151,P005,32x4,68
N011152,P003,32x4,99
N011154,P005,32x4,177
N011156,P094,32x4,1
N011184,P169,32x4,13
N011201,P094,32x4,4
N011207,P003,32x4,186
N011255,P167,32x4,1
N011269,P001,32x4,245
N011281,P003,32x4,10
N011282,P094,32x4,1
N011284,P006,32x4,86
N011302,P032,32x4,0
N011317,P167,32x4,1
N011320,P129,32x4,1
N011332,P002,32x4,121
N011335,P004,32x4,93
N011336,P001,32x4,9
N011361,P006,32x4,126
N011367,P136,32x4,0
N011369,P036,32x4,0
N011414,P080,32x4,0
N011420,P005,32x4,106
N011429,P214,32x4,1
N011433,P001,32x4,5
N011438,P232,32x4,1
N011440,P003,32x4,13
N011446,P005,32x4,229
N011480,P004,32x4,31
N011482,P001,32x4,221
N011487,P104,32x4,0
N011499,P001,32x4,132
N011500,P005,32x4,132
N011515,P195,32x4,1
N011516,P002,32x4,215
N011522,P091,32x4,1
N011523,P003,32x4,18
N011525,P214,32x4,4
N011533,P006,32x4,23
N011534,P004,32x4,16
N011538,P001,32x4,212
N011568,P002,32x4,262
N011576,P005,32x4,236
N011580,P103,32x4,0
N011588,P245,32x4,8
N011595,P003,32x4,99
N011601,P191,32x4,3
N011602,P096,32x4,3
N011603,P116,32x4,2
N011613,P005,32x4,258
N011616,P193,32x4,0
N011628,P003,32x4,137
N011629,P002,32x4,216
N011646,P022,32x4,3
N011649,P136,32x4,0
N011658,P004,32x4,27
N011663,P003,32x4,102
N011666,P003,32x4,27
N011674,P172,32x4,0
N011682,P004,32x4,27
N011687,P214,32x4,1
N011688,P094,32x4,1
N011691,P002,32x4,223
N011716,P235,32x4,1
N011717,P028,32x4,1
N011732,P167,32x4,2
N011750,P098,32x4,0
N011759,P080,32x4,0
N011771,P002,32x4,276
N011777,P079,32x4,0
N011786,P020,32x4,0
N011793,P004,32x4,35
N011795,P005,32x4,174
N011803,P001,32x4,91
N011807,P140,32x4,8
N011829,P020,32x4,1
N011830,P200,32x4,1
N011831,P159,32x4,0
N011834,P094,32x4,2
N011835,P083,32x4,2
N011853,P001,32x4,184
N011859,P002,32x4,0
N011862,P006,32x4,16
N011869,P002,32x4,92
N011872,P240,32x4,6
N011892,P001,32x4,243
N011900,P002,32x4,9
N011901,P006,32x4,20
N011914,P001,32x4,100
N011915,P001,32x4,95
N011928,P002,32x4,210
N011929,P005,32x4,76
N011930,P006,32x4,157
N011935,P019,32x4,3
N011938,P174,32x4,0
N011966,P098,32x4,0
N011967,P193,32x4,0
N011975,P227,32x4,0
N011976,P006,32x4,161
N011984,P002,32x4,179
N011985,P181,32x4,0
N011987,P004,32x4,101
N011988,P001,32x4,217
N000003,P002,16x8,0
N000010,P004,16x8,0
N000023,P006,16x8,1
N000026,P001,16x8,0
N000030,P021,16x8,0
N000036,P002,16x8,0
N000043,P189,16x8,1
N000050,P225,16x8,1
N000051,P215,16x8,1
N000052,P038,16x8,1
N000056,P002,16x8,1
N000058,P001,16x8,1
N000064,P004,16x8,0
N000065,P003,16x8,0
N000070,P002,16x8,0
N000078,P153,16x8,0
N000119,P001,16x8,0
N000124,P002,16x8,0
N000131,P005,16x8,0
N000135,P002,16x8,0
N000139,P113,16x8,0
N000145,P002,16x8,0
N000160,P215,16x8,0
N000161,P002,16x8,0
N000166,P174,16x8,0
N000175,P183,16x8,0
N000183,P002,16x8,1
N000184,P005,16x8,1
N000189,P056,16x8,0
N000202,P017,16x8,0
N000215,P001,16x8,0
N000217,P001,16x8,0
N000219,P215,16x8,0
N000237,P004,16x8,0
N000238,P094,16x8,0
N000250,P006,16x8,0
N000255,P004,16x8,0
N000259,P055,16x8,0
N000262,P006,16x8,0
N000264,P153,16x8,0
N000266,P080,16x8,0
N000268,P002,16x8,0
N000276,P046,16x8,0
N000278,P073,16x8,0
N000282,P019,16x8,0
N000286,P002,16x8,0
N000297,P004,16x8,0
N000314,P002,16x8,0
N000315,P005,16x8,0
N000316,P094,16x8,0
N000321,P006,16x8,0
N000323,P170,16x8,0
N000327,P249,16x8,0
N000335,P151,16x8,0
N000339,P165,16x8,0
N000340,P005,16x8,0
N000355,P003,16x8,0
N000357,P004,16x8,0
N000358,P222,16x8,1
N000359,P054,16x8,1
N000372,P001,16x8,0
N000384,P002,16x8,0
N000391,P006,16x8,0
N000396,P002,16x8,0
N000397,P003,16x8,0
N000412,P005,16x8,0
N000417,P136,16x8,1
N000419,P215,16x8,1
N000420,P063,16x8,0
N000431,P094,16x8,0
N000437,P004,16x8,0
N000443,P002,16x8,0
N000449,P187,16x8,0
N000461,P001,16x8,0
N000463,P006,16x8,1
N000465,P183,16x8,1
N000485,P094,16x8,3
N000486,P082,16x8,3
N000487,P098,16x8,3
N000488,P242,16x8,3
N000489,P114,16x8,0
N000490,P003,16x8,0
N000498,P232,16x8,0
N000514,P006,16x8,0
N000516,P020,16x8,0
N000518,P005,16x8,0
N000557,P078,16x8,0
N000561,P002,16x8,1
N000562,P002,16x8,0
N000566,P005,16x8,0
N000573,P002,16x8,7
N000576,P005,16x8,4
N000577,P046,16x8,0
N000591,P004,16x8,0
N000605,P094,16x8,0
N000607,P065,16x8,0
N000628,P081,16x8,0
N000633,P004,16x8,0
N000640,P005,16x8,2
N000643,P001,16x8,0
N000647,P006,16x8,0
N000659,P005,16x8,6
N000664,P069,16x8,0
N000666,P001,16x8,5
N000670,P094,16x8,1
N000671,P122,16x8,1
N000672,P002,16x8,0
N000675,P006,16x8,0
N000684,P122,16x8,0
N000697,P001,16x8,11
N000702,P004,16x8,0
N000723,P003,16x8,2
N000725,P003,16x8,0
N000735,P001,16x8,0
N000737,P208,16x8,0
N000741,P240,16x8,1
N000745,P121,16x8,1
N000753,P094,16x8,1
N000755,P112,16x8,1
N000768,P120,16x8,0
N000770,P044,16x8,0
N000817,P003,16x8,0
N000818,P094,16x8,0
N000834,P001,16x8,0
N000843,P001,16x8,0
N000852,P002,16x8,1
N000864,P198,16x8,0
N000873,P004,16x8,0
N000883,P004,16x8,1
N000884,P003,16x8,2
N000889,P001,16x8,0
N000890,P240,16x8,0
N000895,P004,16x8,0
N000906,P172,16x8,0
N000923,P004,16x8,2
N000926,P001,16x8,1
N000937,P094,16x8,0
N000938,P005,16x8,0
N000964,P006,16x8,0
N000982,P102,16x8,0
N000985,P006,16x8,0
N000986,P013,16x8,0
N000990,P003,16x8,0
N000992,P044,16x8,1
N000993,P129,16x8,1
N001001,P001,16x8,0
N001005,P001,16x8,0
N001006,P046,16x8,0
N001010,P005,16x8,0
N001011,P255,16x8,0
N001013,P058,16x8,0
N001022,P026,16x8,0
N001023,P001,16x8,0
N001025,P005,16x8,0
N001027,P061,16x8,0
N001043,P144,16x8,0
N001044,P001,16x8,0
N001053,P056,16x8,0
N001063,P171,16x8,0
N001074,P005,16x8,0
N001075,P006,16x8,0
N001083,P181,16x8,0
N001101,P001,16x8,0
N001104,P063,16x8,0
N001105,P002,16x8,0
N001107,P006,16x8,0
N001115,P001,16x8,0
N001118,P129,16x8,1
N001120,P240,16x8,1
N001124,P217,16x8,0
N001137,P225,16x8,0
N001138,P004,16x8,0
N001140,P003,16x8,1
N001141,P141,16x8,0
N001142,P107,16x8,0
N001143,P004,16x8,1
N001163,P207,16x8,1
N001165,P133,16x8,1
N001173,P004,16x8,0
N001174,P188,16x8,0
N001176,P232,16x8,0
N001180,P006,16x8,0
N001185,P006,16x8,0
N001189,P026,16x8,0
N001198,P006,16x8,0
N001207,P015,16x8,0
N001257,P002,16x8,0
N001258,P137,16x8,1
N001261,P240,16x8,1
N001271,P174,16x8,0
N001282,P001,16x8,0
N001284,P002,16x8,1
N001285,P001,16x8,1
N001289,P005,16x8,4
N001291,P191,16x8,0
N001295,P020,16x8,0
N001296,P004,16x8,0
N001309,P004,16x8,3
N001314,P005,16x8,0
N001323,P013,16x8,0
N001325,P222,16x8,0
N001326,P002,16x8,0
N001328,P183,16x8,0
N001334,P006,16x8,1
N001335,P005,16x8,1
N001338,P094,16x8,1
N001340,P044,16x8,1
N001357,P148,16x8,0
N001360,P094,16x8,1
N001361,P020,16x8,1
N001362,P136,16x8,0
N001363,P002,16x8,4
N001364,P240,16x8,1
N001365,P048,16x8,1
N001372,P174,16x8,0
N001376,P003,16x8,0
N001377,P229,16x8,0
N001381,P056,16x8,0
N001394,P003,16x8,2
N001403,P002,16x8,3
N001405,P122,16x8,0
N001413,P156,16x8,0
N001415,P006,16x8,0
N001422,P142,16x8,0
N001432,P003,16x8,0
N001435,P088,16x8,0
N001436,P004,16x8,0
N001443,P003,16x8,0
N001446,P006,16x8,6
N001447,P060,16x8,0
N001458,P094,16x8,0
N001475,P004,16x8,0
N001484,P003,16x8,0
N001488,P062,16x8,0
N001497,P003,16x8,0
N001498,P001,16x8,0
N001509,P094,16x8,0
N001510,P002,16x8,0
N001515,P207,16x8,0
N001521,P005,16x8,1
N001525,P004,16x8,0
N001567,P133,16x8,0
N001578,P003,16x8,0
N001623,P002,16x8,1
N001624,P244,16x8,0
N001629,P210,16x8,0
N001633,P221,16x8,0
N001634,P094,16x8,0
N001653,P006,16x8,0
N001654,P096,16x8,0
N001666,P003,16x8,0
N001669,P097,16x8,0
N001677,P003,16x8,0
N001678,P003,16x8,0
N001685,P002,16x8,0
N001686,P094,16x8,0
N001699,P003,16x8,0
N001702,P006,16x8,0
N001720,P003,16x8,0
N001733,P248,16x8,1
N001734,P147,16x8,1
N001735,P006,16x8,0
N001746,P003,16x8,0
N001758,P053,16x8,0
N001760,P094,16x8,1
N001761,P168,16x8,1
N001764,P181,16x8,0
N001765,P006,16x8,0
N001784,P004,16x8,0
N001785,P003,16x8,0
N001791,P006,16x8,1
N001804,P002,16x8,11
N001817,P001,16x8,0
N001833,P003,16x8,6
N001863,P005,16x8,0
N001865,P214,16x8,0
N001873,P094,16x8,1
N001874,P251,16x8,1
N001879,P001,16x8,0
N001880,P005,16x8,0
N001889,P001,16x8,0
N001902,P004,16x8,0
N001905,P001,16x8,0
N001915,P232,16x8,1
N001918,P002,16x8,1
N001934,P006,16x8,0
N001937,P002,16x8,15
N001940,P004,16x8,0
N001948,P233,16x8,0
N001957,P078,16x8,1
N001958,P246,16x8,1
N001977,P002,16x8,0
N001983,P131,16x8,0
N001984,P003,16x8,0
N001988,P041,16x8,0
N002008,P026,16x8,0
N002017,P004,16x8,0
N002019,P006,16x8,0
N002021,P002,16x8,1
N002036,P001,16x8,0
N002040,P189,16x8,0
N002043,P054,16x8,0
N002056,P004,16x8,0
N002058,P005,16x8,1
N002059,P001,16x8,1
N002071,P002,16x8,1
N002084,P127,16x8,0
N002085,P088,16x8,0
N002086,P004,16x8,0
N002088,P006,16x8,0
N002106,P086,16x8,0
N002132,P003,16x8,0
N002149,P244,16x8,0
N002155,P002,16x8,0
N002156,P004,16x8,0
N002163,P004,16x8,0
N002169,P159,16x8,1
N002171,P117,16x8,0
N002173,P071,16x8,1
N002186,P094,16x8,0
N002197,P240,16x8,0
N002198,P001,16x8,0
N002200,P004,16x8,0
N002201,P061,16x8,1
N002204,P072,16x8,1
N002216,P094,16x8,1
N002218,P240,16x8,1
N002225,P136,16x8,0
N002229,P004,16x8,0
N002230,P021,16x8,0
N002242,P234,16x8,0
N002248,P092,16x8,0
N002267,P176,16x8,0
N002287,P096,16x8,0
N002290,P005,16x8,0
N002299,P001,16x8,5
N002300,P002,16x8,2
N002304,P006,16x8,0
N002307,P006,16x8,0
N002316,P002,16x8,0
N002317,P096,16x8,0
N002331,P002,16x8,0
N002342,P158,16x8,0
N002351,P006,16x8,0
N002358,P158,16x8,0
N002389,P208,16x8,0
N002391,P005,16x8,0
N002401,P089,16x8,0
N002426,P005,16x8,3
N002439,P004,16x8,0
N002440,P165,16x8,0
N002443,P117,16x8,0
N002446,P006,16x8,0
N002447,P205,16x8,0
N002468,P094,16x8,1
N002469,P028,16x8,1
N002476,P006,16x8,0
N002502,P020,16x8,1
N002505,P032,16x8,1
N002506,P088,16x8,0
N002507,P094,16x8,1
N002508,P183,16x8,1
N002513,P005,16x8,1
N002516,P214,16x8,1
N002540,P006,16x8,0
N002544,P001,16x8,0
N002548,P006,16x8,0
N002561,P002,16x8,1
N002570,P006,16x8,0
N002578,P005,16x8,0
N002582,P006,16x8,0
N002586,P141,16x8,0
N002589,P003,16x8,0
N002590,P215,16x8,1
N002591,P094,16x8,1
N002595,P184,16x8,0
N002597,P001,16x8,1
N002598,P095,16x8,0
N002605,P006,16x8,0
N002612,P006,16x8,0
N002621,P001,16x8,0
N002626,P005,16x8,0
N002629,P020,16x8,0
N002631,P094,16x8,0
N002639,P069,16x8,1
N002640,P094,16x8,1
N002648,P061,16x8,0
N002652,P006,16x8,0
N002665,P001,16x8,6
N002670,P006,16x8,0
N002673,P003,16x8,0
N002683,P002,16x8,0
N002684,P001,16x8,1
N002685,P006,16x8,0
N002686,P005,16x8,1
N002691,P002,16x8,3
N002700,P003,16x8,0
N002707,P006,16x8,0
N002729,P236,16x8,0
N002748,P003,16x8,0
N002758,P241,16x8,0
N002762,P248,16x8,0
N002765,P005,16x8,0
N002772,P006,16x8,0
N002774,P080,16x8,0
N002786,P006,16x8,0
N002792,P001,16x8,0
N002801,P122,16x8,0
N002802,P002,16x8,0
N002811,P162,16x8,0
N002814,P040,16x8,0
N002817,P002,16x8,0
N002818,P096,16x8,0
N002819,P004,16x8,0
N002821,P006,16x8,4
N002826,P004,16x8,0
N002831,P006,16x8,0
N002852,P094,16x8,0
N002853,P001,16x8,0
N002857,P004,16x8,0
N002862,P144,16x8,0
N002902,P074,16x8,0
N002916,P140,16x8,0
N002919,P214,16x8,1
N002920,P052,16x8,1
N002923,P002,16x8,0
N002928,P004,16x8,1
N002931,P107,16x8,0
N002945,P001,16x8,0
N002947,P002,16x8,0
N002952,P076,16x8,0
N002955,P001,16x8,3
N002957,P003,16x8,0
N002970,P001,16x8,0
N002973,P001,16x8,1
N002974,P005,16x8,1
N002992,P003,16x8,0
N003008,P211,16x8,0
N003019,P005,16x8,0
N003020,P003,16x8,0
N003021,P005,16x8,0
N003022,P227,16x8,0
N003026,P217,16x8,0
N003027,P006,16x8,0
N003050,P002,16x8,0
N003051,P001,16x8,0
N003058,P138,16x8,0
N003079,P001,16x8,0
N003093,P004,16x8,0
N003107,P006,16x8,0
N003121,P004,16x8,0
N003124,P055,16x8,2
N003125,P219,16x8,2
N003126,P001,16x8,11
N003127,P240,16x8,2
N003135,P128,16x8,0
N003144,P001,16x8,11
N003158,P068,16x8,0
N003164,P094,16x8,0
N003185,P215,16x8,0
N003201,P002,16x8,1
N003203,P001,16x8,1
N003208,P003,16x8,0
N003224,P005,16x8,0
N003228,P094,16x8,0
N003236,P005,16x8,0
N003264,P097,16x8,2
N003265,P117,16x8,0
N003267,P160,16x8,2
N003268,P001,16x8,0
N003269,P243,16x8,2
N003270,P005,16x8,2
N003274,P006,16x8,0
N003281,P112,16x8,0
N003288,P001,16x8,0
N003301,P246,16x8,0
N003302,P002,16x8,0
N003308,P006,16x8,1
N003310,P184,16x8,1
N003317,P036,16x8,0
N003319,P006,16x8,0
N003327,P005,16x8,1
N003328,P065,16x8,1
N003338,P003,16x8,0
N003351,P005,16x8,0
N003355,P003,16x8,0
N003362,P094,16x8,1
N003364,P232,16x8,1
N003372,P148,16x8,0
N003382,P002,16x8,0
N003403,P002,16x8,0
N003415,P005,16x8,1
N003418,P185,16x8,0
N003422,P001,16x8,0
N003427,P125,16x8,0
N003435,P249,16x8,0
N003437,P005,16x8,0
N003450,P003,16x8,0
N003466,P094,16x8,0
N003469,P001,16x8,0
N003476,P108,16x8,0
N003489,P042,16x8,0
N003494,P209,16x8,0
N003495,P001,16x8,0
N003498,P026,16x8,1
N003500,P207,16x8,1
N003501,P003,16x8,0
N003503,P092,16x8,0
N003543,P128,16x8,0
N003545,P006,16x8,0
N003555,P002,16x8,0
N003566,P004,16x8,0
N003574,P004,16x8,0
N003582,P001,16x8,3
N003611,P235,16x8,0
N003615,P002,16x8,0
N003630,P109,16x8,0
N003634,P005,16x8,1
N003642,P248,16x8,0
N003644,P005,16x8,0
N003658,P195,16x8,1
N003659,P002,16x8,0
N003661,P044,16x8,1
N003662,P008,16x8,0
N003672,P006,16x8,0
N003674,P004,16x8,0
N003679,P001,16x8,0
N003691,P003,16x8,0
N003701,P094,16x8,0
N003703,P060,16x8,0
N003720,P046,16x8,0
N003729,P044,16x8,0
N003735,P001,16x8,0
N003748,P005,16x8,0
N003751,P006,16x8,0
N003758,P002,16x8,0
N003770,P136,16x8,0
N003781,P099,16x8,1
N003783,P020,16x8,1
N003804,P005,16x8,0
N003813,P219,16x8,0
N003816,P002,16x8,0
N003821,P002,16x8,0
N003823,P001,16x8,0
N003835,P115,16x8,1
N003837,P004,16x8,1
N003845,P111,16x8,0
N003847,P002,16x8,0
N003849,P005,16x8,0
N003854,P232,16x8,0
N003855,P004,16x8,0
N003860,P004,16x8,0
N003863,P006,16x8,0
N003865,P002,16x8,0
N003868,P172,16x8,0
N003883,P006,16x8,0
N003884,P002,16x8,3
N003903,P003,16x8,0
N003908,P020,16x8,0
N003909,P001,16x8,0
N003920,P202,16x8,0
N003939,P116,16x8,0
N003941,P005,16x8,0
N003942,P186,16x8,0
N003947,P240,16x8,0
N003948,P006,16x8,6
N003957,P030,16x8,0
N003982,P005,16x8,0
N003994,P006,16x8,0
N003995,P002,16x8,0
N004001,P004,16x8,0
N004002,P003,16x8,0
N004007,P005,16x8,0
N004013,P002,16x8,0
N004016,P002,16x8,0
N004017,P013,16x8,0
N004023,P234,16x8,0
N004026,P041,16x8,0
N004028,P022,16x8,0
N004043,P006,16x8,2
N004055,P094,16x8,0
N004062,P256,16x8,0
N004065,P004,16x8,0
N004066,P035,16x8,0
N004071,P181,16x8,1
N004072,P150,16x8,1
N004075,P004,16x8,0
N004081,P001,16x8,0
N004084,P006,16x8,0
N004085,P069,16x8,1
N004086,P172,16x8,1
N004094,P015,16x8,0
N004096,P135,16x8,0
N004106,P002,16x8,2
N004107,P006,16x8,0
N004139,P095,16x8,0
N004140,P006,16x8,0
N004151,P002,16x8,0
N004158,P104,16x8,0
N004167,P003,16x8,0
N004168,P001,16x8,1
N004169,P027,16x8,1
N004174,P135,16x8,1
N004177,P240,16x8,1
N004181,P003,16x8,0
N004184,P002,16x8,0
N004186,P004,16x8,0
N004195,P006,16x8,0
N004212,P003,16x8,0
N004216,P050,16x8,0
N004217,P001,16x8,0
N004218,P004,16x8,0
N004220,P006,16x8,0
N004229,P002,16x8,13
N004248,P169,16x8,0
N004269,P245,16x8,0
N004298,P006,16x8,1
N004299,P003,16x8,1
N004306,P044,16x8,1
N004307,P094,16x8,1
N004315,P004,16x8,0
N004323,P061,16x8,0
N004325,P141,16x8,1
N004328,P052,16x8,1
N004333,P208,16x8,0
N004348,P203,16x8,0
N004349,P005,16x8,0
N004353,P078,16x8,0
N004355,P002,16x8,0
N004364,P180,16x8,0
N004369,P089,16x8,0
N004409,P094,16x8,0
N004410,P005,16x8,0
N004413,P002,16x8,0
N004433,P004,16x8,0
N004438,P256,16x8,1
N004442,P094,16x8,1
N004445,P140,16x8,0
N004447,P094,16x8,0
N004449,P221,16x8,0
N004456,P002,16x8,0
N004491,P094,16x8,1
N004492,P002,16x8,1
N004509,P073,16x8,0
N004511,P004,16x8,0
N004522,P005,16x8,0
N004523,P168,16x8,0
N004544,P005,16x8,0
N004549,P003,16x8,0
N004552,P184,16x8,1
N004553,P094,16x8,1
N004563,P004,16x8,0
N004564,P005,16x8,2
N004567,P195,16x8,0
N004578,P006,16x8,0
N004599,P006,16x8,0
N004605,P108,16x8,0
N004629,P003,16x8,0
N004640,P122,16x8,0
N004655,P002,16x8,0
N004657,P004,16x8,0
N004662,P002,16x8,0
N004665,P065,16x8,0
N004672,P001,16x8,0
N004678,P002,16x8,1
N004680,P001,16x8,1
N004683,P004,16x8,0
N004687,P142,16x8,0
N004699,P050,16x8,0
N004708,P005,16x8,0
N004709,P230,16x8,1
N004711,P094,16x8,1
N004729,P004,16x8,0
N004730,P020,16x8,0
N004731,P006,16x8,0
N004742,P068,16x8,0
N004746,P232,16x8,0
N004754,P005,16x8,6
N004757,P054,16x8,0
N004758,P001,16x8,0
N004760,P232,16x8,0
N004762,P005,16x8,0
N004767,P094,16x8,1
N004768,P161,16x8,1
N004781,P011,16x8,0
N004789,P057,16x8,0
N004801,P002,16x8,1
N004802,P028,16x8,1
N004803,P100,16x8,1
N004804,P136,16x8,1
N004822,P002,16x8,0
N004845,P001,16x8,0
N004855,P143,16x8,0
N004856,P001,16x8,3
N004867,P240,16x8,0
N004870,P101,16x8,0
N004877,P143,16x8,0
N004880,P094,16x8,1
N004881,P166,16x8,1
N004906,P182,16x8,0
N004913,P021,16x8,0
N004939,P005,16x8,2
N004944,P002,16x8,0
N004949,P203,16x8,0
N004950,P006,16x8,0
N004951,P003,16x8,0
N004969,P001,16x8,0
N004978,P006,16x8,0
N004988,P002,16x8,0
N005005,P002,16x8,0
N005007,P001,16x8,0
N005024,P171,16x8,0
N005027,P088,16x8,1
N005028,P196,16x8,1
N005040,P235,16x8,1
N005041,P146,16x8,1
N005044,P240,16x8,1
N005045,P242,16x8,1
N005064,P006,16x8,0
N005067,P106,16x8,0
N005072,P005,16x8,4
N005073,P061,16x8,1
N005079,P002,16x8,0
N005080,P003,16x8,0
N005081,P213,16x8,0
N005108,P003,16x8,1
N005109,P105,16x8,1
N005115,P006,16x8,0
N005119,P006,16x8,0
N005121,P232,16x8,0
N005134,P005,16x8,1
N005135,P068,16x8,1
N005137,P154,16x8,0
N005139,P006,16x8,0
N005141,P137,16x8,0
N005163,P003,16x8,0
N005168,P003,16x8,0
N005210,P191,16x8,0
N005219,P011,16x8,0
N005222,P002,16x8,0
N005225,P004,16x8,0
N005231,P136,16x8,1
N005232,P094,16x8,1
N005241,P227,16x8,1
N005242,P040,16x8,1
N005243,P004,16x8,1
N005257,P002,16x8,2
N005260,P001,16x8,2
N005262,P065,16x8,0
N005263,P005,16x8,2
N005271,P003,16x8,0
N005276,P003,16x8,0
N005277,P246,16x8,0
N005288,P005,16x8,0
N005300,P005,16x8,1
N005301,P001,16x8,1
N005304,P122,16x8,1
N005305,P094,16x8,1
N005314,P005,16x8,0
N005321,P044,16x8,1
N005322,P215,16x8,1
N005326,P064,16x8,0
N005332,P020,16x8,1
N005333,P195,16x8,1
N005334,P122,16x8,0
N005337,P003,16x8,6
N005350,P215,16x8,0
N005352,P003,16x8,0
N005365,P106,16x8,0
N005371,P003,16x8,0
N005375,P002,16x8,0
N005378,P094,16x8,1
N005379,P230,16x8,1
N005390,P100,16x8,0
N005393,P211,16x8,0
N005397,P001,16x8,0
N005398,P004,16x8,0
N005403,P003,16x8,0
N005426,P200,16x8,1
N005427,P094,16x8,1
N005431,P002,16x8,0
N005436,P003,16x8,0
N005448,P094,16x8,0
N005451,P013,16x8,0
N005452,P167,16x8,1
N005453,P207,16x8,1
N005472,P005,16x8,0
N005475,P004,16x8,0
N005484,P004,16x8,0
N005487,P089,16x8,0
N005493,P004,16x8,0
N005497,P003,16x8,0
N005508,P004,16x8,0
N005512,P232,16x8,0
N005517,P004,16x8,0
N005556,P002,16x8,0
N005618,P001,16x8,0
N005629,P005,16x8,0
N005634,P238,16x8,0
N005647,P227,16x8,0
N005654,P006,16x8,0
N005664,P120,16x8,1
N005666,P094,16x8,1
N005669,P003,16x8,0
N005676,P032,16x8,0
N005690,P158,16x8,0
N005692,P004,16x8,0
N005716,P004,16x8,0
N005743,P001,16x8,1
N005744,P004,16x8,1
N005750,P004,16x8,0
N005771,P003,16x8,1
N005772,P094,16x8,1
N005773,P198,16x8,1
N005776,P142,16x8,0
N005780,P160,16x8,0
N005787,P020,16x8,0
N005805,P001,16x8,0
N005806,P006,16x8,0
N005814,P003,16x8,0
N005818,P003,16x8,0
N005825,P215,16x8,0
N005828,P004,16x8,0
N005835,P002,16x8,6
N005843,P121,16x8,0
N005855,P214,16x8,0
N005862,P002,16x8,0
N005867,P227,16x8,0
N005873,P002,16x8,0
N005891,P001,16x8,1
N005914,P062,16x8,0
N005917,P057,16x8,0
N005926,P089,16x8,0
N005927,P001,16x8,0
N005941,P002,16x8,0
N005945,P147,16x8,0
N005946,P004,16x8,0
N005953,P040,16x8,0
N005962,P020,16x8,0
N005983,P005,16x8,0
N005985,P004,16x8,0
N005986,P002,16x8,2
N005989,P005,16x8,2
N005990,P147,16x8,0
N006004,P005,16x8,0
N006009,P006,16x8,0
N006025,P074,16x8,0
N006038,P006,16x8,0
N006041,P003,16x8,0
N006045,P002,16x8,0
N006050,P003,16x8,0
N006053,P004,16x8,0
N006064,P003,16x8,0
N006079,P021,16x8,0
N006086,P137,16x8,1
N006087,P044,16x8,1
N006099,P001,16x8,0
N006100,P191,16x8,0
N006112,P002,16x8,0
N006116,P005,16x8,0
N006121,P004,16x8,0
N006131,P141,16x8,0
N006145,P064,16x8,0
N006146,P005,16x8,3
N006150,P003,16x8,1
N006153,P004,16x8,1
N006165,P003,16x8,0
N006167,P072,16x8,0
N006170,P004,16x8,0
N006173,P056,16x8,0
N006178,P002,16x8,0
N006182,P096,16x8,0
N006198,P006,16x8,0
N006200,P003,16x8,2
N006201,P122,16x8,0
N006225,P001,16x8,0
N006227,P221,16x8,0
N006266,P004,16x8,0
N006274,P002,16x8,0
N006275,P143,16x8,0
N006280,P035,16x8,0
N006306,P004,16x8,0
N006313,P101,16x8,0
N006319,P004,16x8,0
N006324,P001,16x8,2
N006325,P073,16x8,2
N006326,P094,16x8,2
N006349,P001,16x8,11
N006359,P005,16x8,0
N006364,P013,16x8,0
N006366,P006,16x8,0
N006385,P004,16x8,0
N006396,P125,16x8,0
N006401,P003,16x8,0
N006419,P001,16x8,0
N006423,P079,16x8,1
N006425,P094,16x8,1
N006457,P003,16x8,0
N006462,P200,16x8,1
N006463,P094,16x8,1
N006470,P001,16x8,1
N006480,P005,16x8,0
N006487,P248,16x8,0
N006491,P005,16x8,0
N006510,P170,16x8,0
N006511,P115,16x8,0
N006512,P001,16x8,0
N006541,P003,16x8,0
N006544,P001,16x8,0
N006545,P156,16x8,0
N006546,P004,16x8,0
N006560,P006,16x8,0
N006564,P244,16x8,0
N006565,P227,16x8,0
N006568,P003,16x8,0
N006569,P005,16x8,0
N006570,P004,16x8,0
N006584,P224,16x8,0
N006588,P015,16x8,0
N006591,P019,16x8,0
N006596,P004,16x8,0
N006620,P003,16x8,0
N006622,P001,16x8,1
N006623,P002,16x8,2
N006638,P006,16x8,0
N006643,P005,16x8,0
N006644,P094,16x8,0
N006646,P006,16x8,0
N006662,P005,16x8,0
N006701,P086,16x8,0
N006712,P108,16x8,0
N006725,P076,16x8,1
N006728,P004,16x8,1
N006730,P006,16x8,0
N006731,P167,16x8,1
N006732,P085,16x8,1
N006759,P013,16x8,0
N006760,P002,16x8,0
N006762,P240,16x8,0
N006764,P004,16x8,0
N006774,P006,16x8,0
N006775,P046,16x8,0
N006802,P005,16x8,0
N006804,P094,16x8,0
N006807,P093,16x8,0
N006820,P135,16x8,0
N006828,P226,16x8,0
N006832,P001,16x8,0
N006856,P004,16x8,1
N006857,P094,16x8,1
N006862,P006,16x8,0
N006863,P005,16x8,4
N006886,P153,16x8,0
N006893,P003,16x8,0
N006901,P217,16x8,0
N006903,P006,16x8,2
N006905,P189,16x8,2
N006906,P129,16x8,2
N006958,P004,16x8,0
N006959,P120,16x8,0
N006976,P001,16x8,0
N006981,P068,16x8,0
N006982,P191,16x8,0
N006996,P166,16x8,0
N006998,P005,16x8,0
N007002,P005,16x8,1
N007004,P193,16x8,1
N007009,P151,16x8,0
N007012,P094,16x8,0
N007021,P003,16x8,0
N007023,P006,16x8,1
N007027,P004,16x8,1
N007029,P114,16x8,0
N007036,P061,16x8,0
N007038,P013,16x8,0
N007053,P006,16x8,0
N007057,P002,16x8,0
N007060,P135,16x8,0
N007062,P001,16x8,0
N007063,P003,16x8,1
N007064,P215,16x8,1
N007076,P156,16x8,0
N007083,P003,16x8,0
N007101,P006,16x8,0
N007104,P175,16x8,1
N007105,P105,16x8,1
N007121,P094,16x8,0
N007128,P162,16x8,0
N007145,P003,16x8,0
N007146,P136,16x8,0
N007148,P002,16x8,4
N007153,P001,16x8,3
N007166,P222,16x8,0
N007181,P089,16x8,0
N007183,P006,16x8,0
N007185,P002,16x8,1
N007188,P094,16x8,0
N007190,P228,16x8,0
N007191,P004,16x8,0
N007193,P002,16x8,0
N007201,P010,16x8,0
N007205,P061,16x8,1
N007207,P136,16x8,1
N007220,P088,16x8,1
N007223,P179,16x8,1
N007233,P005,16x8,0
N007247,P003,16x8,0
N007292,P049,16x8,0
N007300,P001,16x8,0
N007303,P002,16x8,0
N007306,P004,16x8,1
N007313,P205,16x8,0
N007325,P153,16x8,0
N007327,P232,16x8,0
N007334,P094,16x8,1
N007335,P147,16x8,1
N007343,P004,16x8,0
N007366,P184,16x8,0
N007368,P004,16x8,0
N007376,P003,16x8,0
N007382,P003,16x8,0
N007387,P244,16x8,0
N007391,P211,16x8,0
N007396,P094,16x8,1
N007397,P096,16x8,1
N007428,P088,16x8,0
N007430,P005,16x8,0
N007431,P006,16x8,0
N007449,P002,16x8,0
N007453,P168,16x8,1
N007454,P004,16x8,0
N007457,P122,16x8,1
N007461,P003,16x8,0
N007467,P065,16x8,0
N007477,P001,16x8,0
N007478,P004,16x8,0
N007487,P020,16x8,0
N007491,P005,16x8,0
N007497,P005,16x8,0
N007499,P189,16x8,0
N007528,P066,16x8,0
N007541,P020,16x8,0
N007546,P004,16x8,0
N007552,P127,16x8,0
N007557,P003,16x8,0
N007560,P002,16x8,0
N007561,P094,16x8,0
N007568,P240,16x8,0
N007570,P005,16x8,0
N007573,P088,16x8,0
N007574,P006,16x8,0
N007575,P003,16x8,3
N007614,P005,16x8,0
N007615,P006,16x8,1
N007616,P041,16x8,1
N007620,P004,16x8,0
N007621,P113,16x8,0
N007633,P051,16x8,0
N007637,P005,16x8,0
N007639,P137,16x8,0
N007645,P030,16x8,0
N007647,P001,16x8,0
N007652,P005,16x8,0
N007668,P002,16x8,0
N007681,P005,16x8,0
N007687,P006,16x8,3
N007701,P005,16x8,0
N007718,P003,16x8,1
N007728,P003,16x8,0
N007729,P075,16x8,1
N007732,P215,16x8,1
N007764,P021,16x8,0
N007774,P017,16x8,0
N007783,P036,16x8,0
N007784,P233,16x8,0
N007825,P002,16x8,0
N007828,P001,16x8,0
N007841,P002,16x8,11
N007848,P003,16x8,0
N007849,P006,16x8,0
N007856,P052,16x8,0
N007858,P004,16x8,0
N007867,P147,16x8,0
N007874,P005,16x8,0
N007876,P001,16x8,0
N007877,P180,16x8,0
N007889,P006,16x8,0
N007893,P160,16x8,1
N007894,P094,16x8,1
N007902,P001,16x8,0
N007911,P047,16x8,0
N007916,P004,16x8,0
N007921,P003,16x8,0
N007922,P202,16x8,0
N007932,P001,16x8,1
N007938,P214,16x8,0
N007941,P006,16x8,6
N007953,P072,16x8,0
N007965,P002,16x8,4
N007972,P003,16x8,0
N007976,P001,16x8,0
N007988,P021,16x8,0
N007995,P003,16x8,0
N007997,P197,16x8,0
N007999,P166,16x8,1
N008002,P136,16x8,1
N008009,P020,16x8,0
N008010,P002,16x8,0
N008018,P002,16x8,0
N008022,P005,16x8,0
N008027,P182,16x8,0
N008041,P148,16x8,0
N008048,P020,16x8,2
N008049,P248,16x8,2
N008050,P235,16x8,2
N008055,P001,16x8,0
N008071,P006,16x8,0
N008087,P003,16x8,0
N008088,P001,16x8,0
N008093,P055,16x8,0
N008094,P003,16x8,0
N008101,P026,16x8,0
N008105,P236,16x8,0
N008110,P005,16x8,0
N008135,P006,16x8,0
N008152,P036,16x8,1
N008153,P094,16x8,1
N008166,P002,16x8,0
N008176,P002,16x8,12
N008186,P005,16x8,0
N008188,P094,16x8,1
N008190,P020,16x8,1
N008196,P056,16x8,0
N008199,P089,16x8,0
N008208,P002,16x8,0
N008220,P004,16x8,0
N008225,P001,16x8,0
N008230,P005,16x8,0
N008238,P006,16x8,0
N008239,P031,16x8,0
N008248,P065,16x8,0
N008249,P001,16x8,4
N008255,P208,16x8,0
N008261,P001,16x8,0
N008262,P210,16x8,0
N008268,P004,16x8,0
N008280,P034,16x8,0
N008284,P057,16x8,1
N008285,P002,16x8,1
N008288,P006,16x8,0
N008301,P179,16x8,0
N008321,P004,16x8,0
N008330,P004,16x8,0
N008335,P094,16x8,0
N008336,P001,16x8,0
N008357,P070,16x8,0
N008366,P241,16x8,1
N008369,P052,16x8,1
N008376,P006,16x8,0
N008379,P088,16x8,1
N008380,P146,16x8,1
N008382,P001,16x8,0
N008406,P006,16x8,0
N008409,P094,16x8,1
N008410,P070,16x8,1
N008411,P016,16x8,0
N008412,P094,16x8,0
N008443,P003,16x8,0
N008452,P005,16x8,1
N008460,P001,16x8,0
N008464,P006,16x8,4
N008482,P096,16x8,0
N008487,P232,16x8,1
N008488,P253,16x8,1
N008497,P005,16x8,0
N008498,P094,16x8,0
N008499,P052,16x8,0
N008514,P237,16x8,0
N008515,P002,16x8,0
N008517,P004,16x8,0
N008539,P001,16x8,3
N008542,P064,16x8,0
N008545,P071,16x8,0
N008551,P094,16x8,0
N008561,P048,16x8,1
N008562,P004,16x8,1
N008565,P006,16x8,0
N008572,P067,16x8,0
N008583,P004,16x8,0
N008599,P005,16x8,4
N008602,P071,16x8,0
N008603,P002,16x8,1
N008608,P005,16x8,0
N008611,P003,16x8,0
N008630,P002,16x8,0
N008641,P004,16x8,0
N008642,P002,16x8,1
N008645,P001,16x8,4
N008664,P107,16x8,0
N008676,P003,16x8,2
N008677,P174,16x8,0
N008725,P181,16x8,0
N008728,P002,16x8,0
N008733,P025,16x8,0
N008734,P004,16x8,0
N008741,P001,16x8,0
N008744,P104,16x8,0
N008752,P076,16x8,0
N008774,P005,16x8,0
N008784,P001,16x8,3
N008791,P005,16x8,0
N008794,P003,16x8,0
N008801,P193,16x8,0
N008803,P001,16x8,0
N008808,P003,16x8,4
N008816,P005,16x8,0
N008823,P004,16x8,0
N008825,P001,16x8,0
N008828,P054,16x8,0
N008840,P026,16x8,0
N008863,P013,16x8,0
N008873,P004,16x8,0
N008917,P052,16x8,0
N008926,P002,16x8,0
N008928,P004,16x8,0
N008937,P151,16x8,0
N008938,P004,16x8,0
N008943,P217,16x8,0
N008945,P002,16x8,0
N008952,P052,16x8,0
N008956,P195,16x8,0
N008966,P228,16x8,0
N008967,P244,16x8,0
N008968,P059,16x8,0
N008993,P168,16x8,2
N008994,P227,16x8,2
N008995,P193,16x8,2
N008997,P094,16x8,0
N008998,P004,16x8,0
N009010,P003,16x8,0
N009014,P131,16x8,0
N009030,P002,16x8,0
N009040,P004,16x8,2
N009046,P003,16x8,0
N009049,P005,16x8,0
N009060,P001,16x8,2
N009065,P005,16x8,0
N009075,P004,16x8,0
N009079,P001,16x8,0
N009085,P001,16x8,1
N009092,P248,16x8,0
N009100,P133,16x8,0
N009126,P002,16x8,0
N009136,P222,16x8,0
N009138,P046,16x8,0
N009140,P002,16x8,0
N009150,P133,16x8,1
N009151,P001,16x8,2
N009152,P211,16x8,1
N009154,P167,16x8,0
N009162,P002,16x8,0
N009163,P227,16x8,0
N009169,P002,16x8,0
N009175,P072,16x8,0
N009205,P005,16x8,3
N009208,P004,16x8,0
N009213,P004,16x8,0
N009224,P003,16x8,0
N009227,P003,16x8,0
N009234,P006,16x8,0
N009235,P037,16x8,0
N009236,P091,16x8,0
N009237,P006,16x8,0
N009240,P138,16x8,0
N009272,P004,16x8,1
N009281,P002,16x8,0
N009301,P020,16x8,1
N009302,P028,16x8,1
N009303,P006,16x8,0
N009304,P006,16x8,0
N009311,P004,16x8,0
N009318,P249,16x8,0
N009323,P005,16x8,0
N009324,P006,16x8,0
N009330,P225,16x8,0
N009345,P004,16x8,1
N009349,P136,16x8,1
N009350,P240,16x8,1
N009368,P001,16x8,0
N009371,P005,16x8,0
N009372,P238,16x8,0
N009379,P106,16x8,1
N009380,P094,16x8,1
N009384,P005,16x8,5
N009386,P003,16x8,0
N009387,P081,16x8,0
N009409,P006,16x8,0
N009413,P047,16x8,0
N009414,P004,16x8,3
N009437,P004,16x8,0
N009439,P003,16x8,0
N009445,P001,16x8,0
N009455,P002,16x8,0
N009456,P216,16x8,0
N009477,P006,16x8,6
N009478,P001,16x8,6
N009479,P094,16x8,0
N009485,P004,16x8,0
N009495,P003,16x8,0
N009498,P004,16x8,0
N009517,P081,16x8,0
N009521,P005,16x8,3
N009531,P004,16x8,0
N009541,P020,16x8,0
N009546,P002,16x8,3
N009547,P002,16x8,1
N009548,P001,16x8,1
N009553,P004,16x8,0
N009555,P002,16x8,0
N009562,P002,16x8,0
N009564,P002,16x8,0
N009584,P004,16x8,4
N009587,P006,16x8,0
N009592,P206,16x8,0
N009612,P006,16x8,0
N009628,P154,16x8,0
N009630,P006,16x8,0
N009648,P005,16x8,0
N009659,P001,16x8,0
N009665,P003,16x8,0
N009670,P214,16x8,1
N009671,P014,16x8,1
N009675,P002,16x8,3
N009680,P001,16x8,0
N009682,P240,16x8,0
N009700,P003,16x8,0
N009701,P196,16x8,1
N009703,P002,16x8,0
N009705,P172,16x8,1
N009707,P001,16x8,0
N009708,P153,16x8,0
N009718,P094,16x8,0
N009727,P002,16x8,0
N009735,P006,16x8,0
N009745,P002,16x8,0
N009759,P001,16x8,0
N009764,P106,16x8,1
N009766,P003,16x8,7
N009773,P002,16x8,0
N009775,P006,16x8,0
N009782,P206,16x8,0
N009816,P002,16x8,1
N009822,P044,16x8,0
N009823,P002,16x8,1
N009829,P001,16x8,0
N009834,P044,16x8,0
N009835,P004,16x8,0
N009838,P070,16x8,0
N009840,P227,16x8,0
N009841,P003,16x8,0
N009844,P006,16x8,0
N009848,P002,16x8,0
N009854,P002,16x8,14
N009857,P224,16x8,0
N009863,P006,16x8,0
N009866,P240,16x8,1
N009868,P239,16x8,1
N009882,P003,16x8,0
N009890,P191,16x8,0
N009894,P004,16x8,0
N009896,P202,16x8,0
N009916,P004,16x8,0
N009918,P109,16x8,0
N009925,P094,16x8,0
N009928,P003,16x8,3
N009954,P061,16x8,0
N009969,P004,16x8,0
N009975,P067,16x8,0
N009978,P001,16x8,0
N009979,P003,16x8,0
N009982,P004,16x8,0
N009983,P031,16x8,0
N009985,P001,16x8,0
N010005,P117,16x8,0
N010008,P002,16x8,1
N010018,P004,16x8,0
N010020,P008,16x8,0
N010028,P006,16x8,0
N010033,P124,16x8,1
N010034,P098,16x8,1
N010035,P022,16x8,0
N010039,P004,16x8,0
N010073,P004,16x8,0
N010077,P006,16x8,2
N010081,P094,16x8,1
N010082,P001,16x8,1
N010086,P074,16x8,0
N010092,P003,16x8,0
N010093,P005,16x8,0
N010102,P080,16x8,0
N010106,P002,16x8,0
N010107,P121,16x8,0
N010109,P003,16x8,0
N010111,P001,16x8,0
N010116,P010,16x8,0
N010133,P187,16x8,0
N010135,P094,16x8,1
N010136,P023,16x8,1
N010144,P203,16x8,1
N010145,P094,16x8,1
N010185,P006,16x8,0
N010207,P006,16x8,0
N010211,P002,16x8,0
N010218,P036,16x8,0
N010231,P001,16x8,2
N010261,P001,16x8,0
N010265,P056,16x8,0
N010292,P094,16x8,0
N010293,P135,16x8,0
N010317,P021,16x8,1
N010318,P243,16x8,1
N010330,P005,16x8,0
N010335,P002,16x8,4
N010336,P255,16x8,0
N010357,P001,16x8,1
N010360,P002,16x8,1
N010375,P176,16x8,0
N010387,P001,16x8,0
N010389,P240,16x8,1
N010390,P006,16x8,4
N010391,P044,16x8,1
N010406,P136,16x8,2
N010407,P247,16x8,2
N010408,P078,16x8,2
N010411,P006,16x8,0
N010413,P001,16x8,0
N010419,P193,16x8,0
N010431,P041,16x8,1
N010432,P141,16x8,1
N010448,P006,16x8,0
N010471,P207,16x8,0
N010491,P002,16x8,0
N010492,P001,16x8,0
N010497,P002,16x8,0
N010499,P006,16x8,0
N010502,P003,16x8,0
N010506,P058,16x8,0
N010507,P002,16x8,0
N010508,P189,16x8,0
N010509,P006,16x8,2
N010513,P001,16x8,1
N010514,P002,16x8,1
N010526,P225,16x8,0
N010531,P004,16x8,0
N010535,P005,16x8,6
N010547,P003,16x8,0
N010560,P006,16x8,1
N010563,P005,16x8,0
N010570,P001,16x8,0
N010572,P069,16x8,0
N010584,P096,16x8,0
N010598,P006,16x8,0
N010603,P006,16x8,0
N010605,P247,16x8,0
N010609,P005,16x8,0
N010614,P001,16x8,0
N010619,P001,16x8,0
N010620,P065,16x8,1
N010621,P094,16x8,1
N010634,P005,16x8,0
N010660,P129,16x8,0
N010682,P255,16x8,1
N010683,P112,16x8,1
N010689,P006,16x8,0
N010699,P004,16x8,0
N010700,P073,16x8,0
N010711,P224,16x8,0
N010723,P004,16x8,0
N010742,P131,16x8,0
N010743,P240,16x8,0
N010748,P140,16x8,0
N010762,P200,16x8,1
N010766,P053,16x8,1
N010769,P003,16x8,0
N010778,P001,16x8,0
N010788,P148,16x8,0
N010795,P214,16x8,0
N010814,P006,16x8,0
N010823,P004,16x8,0
N010825,P215,16x8,0
N010826,P006,16x8,0
N010844,P096,16x8,0
N010853,P006,16x8,1
N010856,P094,16x8,0
N010857,P004,16x8,1
N010880,P003,16x8,1
N010881,P004,16x8,1
N010890,P003,16x8,0
N010910,P034,16x8,0
N010912,P005,16x8,11
N010918,P186,16x8,0
N010930,P202,16x8,0
N010935,P002,16x8,0
N010941,P026,16x8,1
N010942,P051,16x8,1
N010946,P214,16x8,0
N010960,P215,16x8,0
N010976,P248,16x8,0
N010980,P005,16x8,0
N010981,P094,16x8,0
N010982,P005,16x8,0
N010985,P002,16x8,0
N010999,P240,16x8,1
N011000,P236,16x8,1
N011001,P004,16x8,0
N011017,P001,16x8,0
N011019,P004,16x8,0
N011020,P094,16x8,0
N011033,P002,16x8,1
N011035,P001,16x8,1
N011036,P094,16x8,0
N011041,P001,16x8,1
N011043,P005,16x8,1
N011048,P006,16x8,0
N011053,P006,16x8,0
N011060,P005,16x8,1
N011075,P044,16x8,1
N011076,P001,16x8,0
N011077,P028,16x8,1
N011090,P003,16x8,0
N011092,P006,16x8,0
N011095,P182,16x8,0
N011101,P082,16x8,0
N011108,P002,16x8,0
N011118,P240,16x8,1
N011119,P092,16x8,1
N011122,P003,16x8,0
N011130,P006,16x8,0
N011139,P005,16x8,0
N011140,P003,16x8,0
N011149,P147,16x8,0
N011151,P005,16x8,0
N011152,P003,16x8,0
N011154,P005,16x8,0
N011156,P094,16x8,0
N011184,P169,16x8,0
N011201,P094,16x8,0
N011207,P003,16x8,0
N011255,P167,16x8,0
N011269,P001,16x8,11
N011281,P003,16x8,1
N011282,P094,16x8,1
N011284,P006,16x8,0
N011302,P032,16x8,0
N011317,P167,16x8,1
N011320,P129,16x8,1
N011332,P002,16x8,0
N011335,P004,16x8,0
N011336,P001,16x8,0
N011361,P006,16x8,1
N011367,P136,16x8,0
N011369,P036,16x8,0
N011414,P080,16x8,0
N011420,P005,16x8,2
N011429,P214,16x8,0
N011433,P001,16x8,0
N011438,P232,16x8,0
N011440,P003,16x8,0
N011446,P005,16x8,1
N011480,P004,16x8,0
N011482,P001,16x8,0
N011487,P104,16x8,0
N011499,P001,16x8,1
N011500,P005,16x8,1
N011515,P195,16x8,0
N011516,P002,16x8,0
N011522,P091,16x8,0
N011523,P003,16x8,0
N011525,P214,16x8,0
N011533,P006,16x8,0
N011534,P004,16x8,0
N011538,P001,16x8,0
N011568,P002,16x8,0
N011576,P005,16x8,0
N011580,P103,16x8,0
N011588,P245,16x8,0
N011595,P003,16x8,0
N011601,P191,16x8,2
N011602,P096,16x8,2
N011603,P116,16x8,2
N011613,P005,16x8,0
N011616,P193,16x8,0
N011628,P003,16x8,0
N011629,P002,16x8,0
N011646,P022,16x8,0
N011649,P136,16x8,0
N011658,P004,16x8,0
N011663,P003,16x8,0
N011666,P003,16x8,0
N011674,P172,16x8,0
N011682,P004,16x8,0
N011687,P214,16x8,1
N011688,P094,16x8,1
N011691,P002,16x8,0
N011716,P235,16x8,1
N011717,P028,16x8,1
N011732,P167,16x8,0
N011750,P098,16x8,0
N011759,P080,16x8,0
N011771,P002,16x8,0
N011777,P079,16x8,0
N011786,P020,16x8,0
N011793,P004,16x8,0
N011795,P005,16x8,0
N011803,P001,16x8,0
N011807,P140,16x8,0
N011829,P020,16x8,1
N011830,P200,16x8,1
N011831,P159,16x8,0
N011834,P094,16x8,1
N011835,P083,16x8,1
N011853,P001,16x8,2
N011859,P002,16x8,0
N011862,P006,16x8,0
N011869,P002,16x8,0
N011872,P240,16x8,0
N011892,P001,16x8,0
N011900,P002,16x8,0
N011901,P006,16x8,0
N011914,P001,16x8,0
N011915,P001,16x8,0
N011928,P002,16x8,4
N011929,P005,16x8,0
N011930,P006,16x8,0
N011935,P019,16x8,0
N011938,P174,16x8,0
N011966,P098,16x8,0
N011967,P193,16x8,0
N011975,P227,16x8,0
N011976,P006,16x8,0
N011984,P002,16x8,0
N011985,P181,16x8,0
N011987,P004,16x8,0
N011988,P001,16x8,0
N000003,P002,8x16,0
N000010,P004,8x16,0
N000023,P006,8x16,0
N000026,P001,8x16,0
N000030,P021,8x16,0
N000036,P002,8x16,0
N000043,P189,8x16,1
N000050,P225,8x16,1
N000051,P215,8x16,1
N000052,P038,8x16,1
N000056,P002,8x16,1
N000058,P001,8x16,1
N000064,P004,8x16,0
N000065,P003,8x16,0
N000070,P002,8x16,0
N000078,P153,8x16,0
N000119,P001,8x16,0
N000124,P002,8x16,0
N000131,P005,8x16,0
N000135,P002,8x16,0
N000139,P113,8x16,0
N000145,P002,8x16,0
N000160,P215,8x16,0
N000161,P002,8x16,0
N000166,P174,8x16,0
N000175,P183,8x16,0
N000183,P002,8x16,0
N000184,P005,8x16,0
N000189,P056,8x16,0
N000202,P017,8x16,0
N000215,P001,8x16,0
N000217,P001,8x16,0
N000219,P215,8x16,0
N000237,P004,8x16,0
N000238,P094,8x16,0
N000250,P006,8x16,0
N000255,P004,8x16,0
N000259,P055,8x16,0
N000262,P006,8x16,0
N000264,P153,8x16,0
N000266,P080,8x16,0
N000268,P002,8x16,0
N000276,P046,8x16,0
N000278,P073,8x16,0
N000282,P019,8x16,0
N000286,P002,8x16,0
N000297,P004,8x16,0
N000314,P002,8x16,0
N000315,P005,8x16,0
N000316,P094,8x16,0
N000321,P006,8x16,0
N000323,P170,8x16,0
N000327,P249,8x16,0
N000335,P151,8x16,0
N000339,P165,8x16,0
N000340,P005,8x16,0
N000355,P003,8x16,0
N000357,P004,8x16,0
N000358,P222,8x16,1
N000359,P054,8x16,1
N000372,P001,8x16,0
N000384,P002,8x16,0
N000391,P006,8x16,0
N000396,P002,8x16,0
N000397,P003,8x16,0
N000412,P005,8x16,0
N000417,P136,8x16,1
N000419,P215,8x16,1
N000420,P063,8x16,0
N000431,P094,8x16,0
N000437,P004,8x16,0
N000443,P002,8x16,0
N000449,P187,8x16,0
N000461,P001,8x16,0
N000463,P006,8x16,0
N000465,P183,8x16,0
N000485,P094,8x16,2
N000486,P082,8x16,2
N000487,P098,8x16,2
N000488,P242,8x16,0
N000489,P114,8x16,0
N000490,P003,8x16,0
N000498,P232,8x16,0
N000514,P006,8x16,0
N000516,P020,8x16,0
N000518,P005,8x16,0
N000557,P078,8x16,0
N000561,P002,8x16,0
N000562,P002,8x16,0
N000566,P005,8x16,0
N000573,P002,8x16,0
N000576,P005,8x16,0
N000577,P046,8x16,0
N000591,P004,8x16,0
N000605,P094,8x16,0
N000607,P065,8x16,0
N000628,P081,8x16,0
N000633,P004,8x16,0
N000640,P005,8x16,0
N000643,P001,8x16,0
N000647,P006,8x16,0
N000659,P005,8x16,0
N000664,P069,8x16,0
N000666,P001,8x16,0
N000670,P094,8x16,1
N000671,P122,8x16,1
N000672,P002,8x16,0
N000675,P006,8x16,0
N000684,P122,8x16,0
N000697,P001,8x16,0
N000702,P004,8x16,0
N000723,P003,8x16,0
N000725,P003,8x16,0
N000735,P001,8x16,0
N000737,P208,8x16,0
N000741,P240,8x16,1
N000745,P121,8x16,1
N000753,P094,8x16,1
N000755,P112,8x16,1
N000768,P120,8x16,0
N000770,P044,8x16,0
N000817,P003,8x16,0
N000818,P094,8x16,0
N000834,P001,8x16,0
N000843,P001,8x16,0
N000852,P002,8x16,0
N000864,P198,8x16,0
N000873,P004,8x16,0
N000883,P004,8x16,1
N000884,P003,8x16,1
N000889,P001,8x16,0
N000890,P240,8x16,0
N000895,P004,8x16,0
N000906,P172,8x16,0
N000923,P004,8x16,0
N000926,P001,8x16,0
N000937,P094,8x16,0
N000938,P005,8x16,0
N000964,P006,8x16,0
N000982,P102,8x16,0
N000985,P006,8x16,0
N000986,P013,8x16,0
N000990,P003,8x16,0
N000992,P044,8x16,1
N000993,P129,8x16,1
N001001,P001,8x16,0
N001005,P001,8x16,0
N001006,P046,8x16,0
N001010,P005,8x16,0
N001011,P255,8x16,0
N001013,P058,8x16,0
N001022,P026,8x16,0
N001023,P001,8x16,0
N001025,P005,8x16,0
N001027,P061,8x16,0
N001043,P144,8x16,0
N001044,P001,8x16,0
N001053,P056,8x16,0
N001063,P171,8x16,0
N001074,P005,8x16,0
N001075,P006,8x16,0
N001083,P181,8x16,0
N001101,P001,8x16,0
N001104,P063,8x16,0
N001105,P002,8x16,0
N001107,P006,8x16,0
N001115,P001,8x16,0
N001118,P129,8x16,1
N001120,P240,8x16,1
N001124,P217,8x16,0
N001137,P225,8x16,0
N001138,P004,8x16,0
N001140,P003,8x16,1
N001141,P141,8x16,0
N001142,P107,8x16,0
N001143,P004,8x16,1
N001163,P207,8x16,1
N001165,P133,8x16,1
N001173,P004,8x16,0
N001174,P188,8x16,0
N001176,P232,8x16,0
N001180,P006,8x16,0
N001185,P006,8x16,0
N001189,P026,8x16,0
N001198,P006,8x16,0
N001207,P015,8x16,0
N001257,P002,8x16,0
N001258,P137,8x16,0
N001261,P240,8x16,0
N001271,P174,8x16,0
N001282,P001,8x16,0
N001284,P002,8x16,0
N001285,P001,8x16,0
N001289,P005,8x16,0
N001291,P191,8x16,0
N001295,P020,8x16,0
N001296,P004,8x16,0
N001309,P004,8x16,0
N001314,P005,8x16,0
N001323,P013,8x16,0
N001325,P222,8x16,0
N001326,P002,8x16,0
N001328,P183,8x16,0
N001334,P006,8x16,0
N001335,P005,8x16,0
N001338,P094,8x16,1
N001340,P044,8x16,1
N001357,P148,8x16,0
N001360,P094,8x16,1
N001361,P020,8x16,1
N001362,P136,8x16,0
N001363,P002,8x16,0
N001364,P240,8x16,0
N001365,P048,8x16,0
N001372,P174,8x16,0
N001376,P003,8x16,0
N001377,P229,8x16,0
N001381,P056,8x16,0
N001394,P003,8x16,0
N001403,P002,8x16,0
N001405,P122,8x16,0
N001413,P156,8x16,0
N001415,P006,8x16,0
N001422,P142,8x16,0
N001432,P003,8x16,0
N001435,P088,8x16,0
N001436,P004,8x16,0
N001443,P003,8x16,0
N001446,P006,8x16,0
N001447,P060,8x16,0
N001458,P094,8x16,0
N001475,P004,8x16,0
N001484,P003,8x16,0
N001488,P062,8x16,0
N001497,P003,8x16,0
N001498,P001,8x16,0
N001509,P094,8x16,0
N001510,P002,8x16,0
N001515,P207,8x16,0
N001521,P005,8x16,0
N001525,P004,8x16,0
N001567,P133,8x16,0
N001578,P003,8x16,0
N001623,P002,8x16,0
N001624,P244,8x16,0
N001629,P210,8x16,0
N001633,P221,8x16,0
N001634,P094,8x16,0
N001653,P006,8x16,0
N001654,P096,8x16,0
N001666,P003,8x16,0
N001669,P097,8x16,0
N001677,P003,8x16,0
N001678,P003,8x16,0
N001685,P002,8x16,0
N001686,P094,8x16,0
N001699,P003,8x16,0
N001702,P006,8x16,0
N001720,P003,8x16,0
N001733,P248,8x16,0
N001734,P147,8x16,0
N001735,P006,8x16,0
N001746,P003,8x16,0
N001758,P053,8x16,0
N001760,P094,8x16,1
N001761,P168,8x16,1
N001764,P181,8x16,0
N001765,P006,8x16,0
N001784,P004,8x16,0
N001785,P003,8x16,0
N001791,P006,8x16,0
N001804,P002,8x16,0
N001817,P001,8x16,0
N001833,P003,8x16,0
N001863,P005,8x16,0
N001865,P214,8x16,0
N001873,P094,8x16,0
N001874,P251,8x16,0
N001879,P001,8x16,0
N001880,P005,8x16,0
N001889,P001,8x16,0
N001902,P004,8x16,0
N001905,P001,8x16,0
N001915,P232,8x16,0
N001918,P002,8x16,0
N001934,P006,8x16,0
N001937,P002,8x16,0
N001940,P004,8x16,0
N001948,P233,8x16,0
N001957,P078,8x16,1
N001958,P246,8x16,1
N001977,P002,8x16,0
N001983,P131,8x16,0
N001984,P003,8x16,0
N001988,P041,8x16,0
N002008,P026,8x16,0
N002017,P004,8x16,0
N002019,P006,8x16,0
N002021,P002,8x16,0
N002036,P001,8x16,0
N002040,P189,8x16,0
N002043,P054,8x16,0
N002056,P004,8x16,0
N002058,P005,8x16,1
N002059,P001,8x16,1
N002071,P002,8x16,0
N002084,P127,8x16,0
N002085,P088,8x16,0
N002086,P004,8x16,0
N002088,P006,8x16,0
N002106,P086,8x16,0
N002132,P003,8x16,0
N002149,P244,8x16,0
N002155,P002,8x16,0
N002156,P004,8x16,0
N002163,P004,8x16,0
N002169,P159,8x16,1
N002171,P117,8x16,0
N002173,P071,8x16,1
N002186,P094,8x16,0
N002197,P240,8x16,0
N002198,P001,8x16,0
N002200,P004,8x16,0
N002201,P061,8x16,1
N002204,P072,8x16,1
N002216,P094,8x16,1
N002218,P240,8x16,1
N002225,P136,8x16,0
N002229,P004,8x16,0
N002230,P021,8x16,0
N002242,P234,8x16,0
N002248,P092,8x16,0
N002267,P176,8x16,0
N002287,P096,8x16,0
N002290,P005,8x16,0
N002299,P001,8x16,0
N002300,P002,8x16,0
N002304,P006,8x16,0
N002307,P006,8x16,0
N002316,P002,8x16,0
N002317,P096,8x16,0
N002331,P002,8x16,0
N002342,P158,8x16,0
N002351,P006,8x16,0
N002358,P158,8x16,0
N002389,P208,8x16,0
N002391,P005,8x16,0
N002401,P089,8x16,0
N002426,P005,8x16,0
N002439,P004,8x16,0
N002440,P165,8x16,0
N002443,P117,8x16,0
N002446,P006,8x16,0
N002447,P205,8x16,0
N002468,P094,8x16,1
N002469,P028,8x16,1
N002476,P006,8x16,0
N002502,P020,8x16,1
N002505,P032,8x16,1
N002506,P088,8x16,0
N002507,P094,8x16,1
N002508,P183,8x16,1
N002513,P005,8x16,0
N002516,P214,8x16,0
N002540,P006,8x16,0
N002544,P001,8x16,0
N002548,P006,8x16,0
N002561,P002,8x16,0
N002570,P006,8x16,0
N002578,P005,8x16,0
N002582,P006,8x16,0
N002586,P141,8x16,0
N002589,P003,8x16,0
N002590,P215,8x16,1
N002591,P094,8x16,1
N002595,P184,8x16,0
N002597,P001,8x16,0
N002598,P095,8x16,0
N002605,P006,8x16,0
N002612,P006,8x16,0
N002621,P001,8x16,0
N002626,P005,8x16,0
N002629,P020,8x16,0
N002631,P094,8x16,0
N002639,P069,8x16,0
N002640,P094,8x16,0
N002648,P061,8x16,0
N002652,P006,8x16,0
N002665,P001,8x16,0
N002670,P006,8x16,0
N002673,P003,8x16,0
N002683,P002,8x16,0
N002684,P001,8x16,1
N002685,P006,8x16,0
N002686,P005,8x16,1
N002691,P002,8x16,0
N002700,P003,8x16,0
N002707,P006,8x16,0
N002729,P236,8x16,0
N002748,P003,8x16,0
N002758,P241,8x16,0
N002762,P248,8x16,0
N002765,P005,8x16,0
N002772,P006,8x16,0
N002774,P080,8x16,0
N002786,P006,8x16,0
N002792,P001,8x16,0
N002801,P122,8x16,0
N002802,P002,8x16,0
N002811,P162,8x16,0
N002814,P040,8x16,0
N002817,P002,8x16,0
N002818,P096,8x16,0
N002819,P004,8x16,0
N002821,P006,8x16,0
N002826,P004,8x16,0
N002831,P006,8x16,0
N002852,P094,8x16,0
N002853,P001,8x16,0
N002857,P004,8x16,0
N002862,P144,8x16,0
N002902,P074,8x16,0
N002916,P140,8x16,0
N002919,P214,8x16,1
N002920,P052,8x16,1
N002923,P002,8x16,0
N002928,P004,8x16,0
N002931,P107,8x16,0
N002945,P001,8x16,0
N002947,P002,8x16,0
N002952,P076,8x16,0
N002955,P001,8x16,0
N002957,P003,8x16,0
N002970,P001,8x16,0
N002973,P001,8x16,0
N002974,P005,8x16,0
N002992,P003,8x16,0
N003008,P211,8x16,0
N003019,P005,8x16,0
N003020,P003,8x16,0
N003021,P005,8x16,0
N003022,P227,8x16,0
N003026,P217,8x16,0
N003027,P006,8x16,0
N003050,P002,8x16,0
N003051,P001,8x16,0
N003058,P138,8x16,0
N003079,P001,8x16,0
N003093,P004,8x16,0
N003107,P006,8x16,0
N003121,P004,8x16,0
N003124,P055,8x16,1
N003125,P219,8x16,1
N003126,P001,8x16,0
N003127,P240,8x16,0
N003135,P128,8x16,0
N003144,P001,8x16,0
N003158,P068,8x16,0
N003164,P094,8x16,0
N003185,P215,8x16,0
N003201,P002,8x16,1
N003203,P001,8x16,1
N003208,P003,8x16,0
N003224,P005,8x16,0
N003228,P094,8x16,0
N003236,P005,8x16,0
N003264,P097,8x16,2
N003265,P117,8x16,0
N003267,P160,8x16,2
N003268,P001,8x16,0
N003269,P243,8x16,2
N003270,P005,8x16,0
N003274,P006,8x16,0
N003281,P112,8x16,0
N003288,P001,8x16,0
N003301,P246,8x16,0
N003302,P002,8x16,0
N003308,P006,8x16,0
N003310,P184,8x16,0
N003317,P036,8x16,0
N003319,P006,8x16,0
N003327,P005,8x16,0
N003328,P065,8x16,0
N003338,P003,8x16,0
N003351,P005,8x16,0
N003355,P003,8x16,0
N003362,P094,8x16,1
N003364,P232,8x16,1
N003372,P148,8x16,0
N003382,P002,8x16,0
N003403,P002,8x16,0
N003415,P005,8x16,0
N003418,P185,8x16,0
N003422,P001,8x16,0
N003427,P125,8x16,0
N003435,P249,8x16,0
N003437,P005,8x16,0
N003450,P003,8x16,0
N003466,P094,8x16,0
N003469,P001,8x16,0
N003476,P108,8x16,0
N003489,P042,8x16,0
N003494,P209,8x16,0
N003495,P001,8x16,0
N003498,P026,8x16,1
N003500,P207,8x16,1
N003501,P003,8x16,0
N003503,P092,8x16,0
N003543,P128,8x16,0
N003545,P006,8x16,0
N003555,P002,8x16,0
N003566,P004,8x16,0
N003574,P004,8x16,0
N003582,P001,8x16,0
N003611,P235,8x16,0
N003615,P002,8x16,0
N003630,P109,8x16,0
N003634,P005,8x16,0
N003642,P248,8x16,0
N003644,P005,8x16,0
N003658,P195,8x16,1
N003659,P002,8x16,0
N003661,P044,8x16,1
N003662,P008,8x16,0
N003672,P006,8x16,0
N003674,P004,8x16,0
N003679,P001,8x16,0
N003691,P003,8x16,0
N003701,P094,8x16,0
N003703,P060,8x16,0
N003720,P046,8x16,0
N003729,P044,8x16,0
N003735,P001,8x16,0
N003748,P005,8x16,0
N003751,P006,8x16,0
N003758,P002,8x16,0
N003770,P136,8x16,0
N003781,P099,8x16,0
N003783,P020,8x16,0
N003804,P005,8x16,0
N003813,P219,8x16,0
N003816,P002,8x16,0
N003821,P002,8x16,0
N003823,P001,8x16,0
N003835,P115,8x16,0
N003837,P004,8x16,0
N003845,P111,8x16,0
N003847,P002,8x16,0
N003849,P005,8x16,0
N003854,P232,8x16,0
N003855,P004,8x16,0
N003860,P004,8x16,0
N003863,P006,8x16,0
N003865,P002,8x16,0
N003868,P172,8x16,0
N003883,P006,8x16,0
N003884,P002,8x16,0
N003903,P003,8x16,0
N003908,P020,8x16,0
N003909,P001,8x16,0
N003920,P202,8x16,0
N003939,P116,8x16,0
N003941,P005,8x16,0
N003942,P186,8x16,0
N003947,P240,8x16,0
N003948,P006,8x16,0
N003957,P030,8x16,0
N003982,P005,8x16,0
N003994,P006,8x16,0
N003995,P002,8x16,0
N004001,P004,8x16,0
N004002,P003,8x16,0
N004007,P005,8x16,0
N004013,P002,8x16,0
N004016,P002,8x16,0
N004017,P013,8x16,0
N004023,P234,8x16,0
N004026,P041,8x16,0
N004028,P022,8x16,0
N004043,P006,8x16,0
N004055,P094,8x16,0
N004062,P256,8x16,0
N004065,P004,8x16,0
N004066,P035,8x16,0
N004071,P181,8x16,1
N004072,P150,8x16,1
N004075,P004,8x16,0
N004081,P001,8x16,0
N004084,P006,8x16,0
N004085,P069,8x16,1
N004086,P172,8x16,1
N004094,P015,8x16,0
N004096,P135,8x16,0
N004106,P002,8x16,0
N004107,P006,8x16,0
N004139,P095,8x16,0
N004140,P006,8x16,0
N004151,P002,8x16,0
N004158,P104,8x16,0
N004167,P003,8x16,0
N004168,P001,8x16,0
N004169,P027,8x16,0
N004174,P135,8x16,0
N004177,P240,8x16,0
N004181,P003,8x16,0
N004184,P002,8x16,0
N004186,P004,8x16,0
N004195,P006,8x16,0
N004212,P003,8x16,0
N004216,P050,8x16,0
N004217,P001,8x16,0
N004218,P004,8x16,0
N004220,P006,8x16,0
N004229,P002,8x16,0
N004248,P169,8x16,0
N004269,P245,8x16,0
N004298,P006,8x16,1
N004299,P003,8x16,1
N004306,P044,8x16,1
N004307,P094,8x16,1
N004315,P004,8x16,0
N004323,P061,8x16,0
N004325,P141,8x16,0
N004328,P052,8x16,0
N004333,P208,8x16,0
N004348,P203,8x16,0
N004349,P005,8x16,0
N004353,P078,8x16,0
N004355,P002,8x16,0
N004364,P180,8x16,0
N004369,P089,8x16,0
N004409,P094,8x16,0
N004410,P005,8x16,0
N004413,P002,8x16,0
N004433,P004,8x16,0
N004438,P256,8x16,0
N004442,P094,8x16,0
N004445,P140,8x16,0
N004447,P094,8x16,0
N004449,P221,8x16,0
N004456,P002,8x16,0
N004491,P094,8x16,0
N004492,P002,8x16,0
N004509,P073,8x16,0
N004511,P004,8x16,0
N004522,P005,8x16,0
N004523,P168,8x16,0
N004544,P005,8x16,0
N004549,P003,8x16,0
N004552,P184,8x16,0
N004553,P094,8x16,0
N004563,P004,8x16,0
N004564,P005,8x16,0
N004567,P195,8x16,0
N004578,P006,8x16,0
N004599,P006,8x16,0
N004605,P108,8x16,0
N004629,P003,8x16,0
N004640,P122,8x16,0
N004655,P002,8x16,0
N004657,P004,8x16,0
N004662,P002,8x16,0
N004665,P065,8x16,0
N004672,P001,8x16,0
N004678,P002,8x16,1
N004680,P001,8x16,1
N004683,P004,8x16,0
N004687,P142,8x16,0
N004699,P050,8x16,0
N004708,P005,8x16,0
N004709,P230,8x16,1
N004711,P094,8x16,1
N004729,P004,8x16,0
N004730,P020,8x16,0
N004731,P006,8x16,0
N004742,P068,8x16,0
N004746,P232,8x16,0
N004754,P005,8x16,0
N004757,P054,8x16,0
N004758,P001,8x16,0
N004760,P232,8x16,0
N004762,P005,8x16,0
N004767,P094,8x16,1
N004768,P161,8x16,1
N004781,P011,8x16,0
N004789,P057,8x16,0
N004801,P002,8x16,0
N004802,P028,8x16,0
N004803,P100,8x16,1
N004804,P136,8x16,1
N004822,P002,8x16,0
N004845,P001,8x16,0
N004855,P143,8x16,0
N004856,P001,8x16,0
N004867,P240,8x16,0
N004870,P101,8x16,0
N004877,P143,8x16,0
N004880,P094,8x16,1
N004881,P166,8x16,1
N004906,P182,8x16,0
N004913,P021,8x16,0
N004939,P005,8x16,0
N004944,P002,8x16,0
N004949,P203,8x16,0
N004950,P006,8x16,0
N004951,P003,8x16,0
N004969,P001,8x16,0
N004978,P006,8x16,0
N004988,P002,8x16,0
N005005,P002,8x16,0
N005007,P001,8x16,0
N005024,P171,8x16,0
N005027,P088,8x16,0
N005028,P196,8x16,0
N005040,P235,8x16,1
N005041,P146,8x16,1
N005044,P240,8x16,1
N005045,P242,8x16,1
N005064,P006,8x16,0
N005067,P106,8x16,0
N005072,P005,8x16,0
N005073,P061,8x16,0
N005079,P002,8x16,0
N005080,P003,8x16,0
N005081,P213,8x16,0
N005108,P003,8x16,0
N005109,P105,8x16,0
N005115,P006,8x16,0
N005119,P006,8x16,0
N005121,P232,8x16,0
N005134,P005,8x16,0
N005135,P068,8x16,0
N005137,P154,8x16,0
N005139,P006,8x16,0
N005141,P137,8x16,0
N005163,P003,8x16,0
N005168,P003,8x16,0
N005210,P191,8x16,0
N005219,P011,8x16,0
N005222,P002,8x16,0
N005225,P004,8x16,0
N005231,P136,8x16,1
N005232,P094,8x16,1
N005241,P227,8x16,1
N005242,P040,8x16,1
N005243,P004,8x16,0
N005257,P002,8x16,0
N005260,P001,8x16,0
N005262,P065,8x16,0
N005263,P005,8x16,0
N005271,P003,8x16,0
N005276,P003,8x16,0
N005277,P246,8x16,0
N005288,P005,8x16,0
N005300,P005,8x16,1
N005301,P001,8x16,1
N005304,P122,8x16,1
N005305,P094,8x16,1
N005314,P005,8x16,0
N005321,P044,8x16,1
N005322,P215,8x16,1
N005326,P064,8x16,0
N005332,P020,8x16,1
N005333,P195,8x16,1
N005334,P122,8x16,0
N005337,P003,8x16,0
N005350,P215,8x16,0
N005352,P003,8x16,0
N005365,P106,8x16,0
N005371,P003,8x16,0
N005375,P002,8x16,0
N005378,P094,8x16,1
N005379,P230,8x16,1
N005390,P100,8x16,0
N005393,P211,8x16,0
N005397,P001,8x16,0
N005398,P004,8x16,0
N005403,P003,8x16,0
N005426,P200,8x16,1
N005427,P094,8x16,1
N005431,P002,8x16,0
N005436,P003,8x16,0
N005448,P094,8x16,0
N005451,P013,8x16,0
N005452,P167,8x16,1
N005453,P207,8x16,1
N005472,P005,8x16,0
N005475,P004,8x16,0
N005484,P004,8x16,0
N005487,P089,8x16,0
N005493,P004,8x16,0
N005497,P003,8x16,0
N005508,P004,8x16,0
N005512,P232,8x16,0
N005517,P004,8x16,0
N005556,P002,8x16,0
N005618,P001,8x16,0
N005629,P005,8x16,0
N005634,P238,8x16,0
N005647,P227,8x16,0
N005654,P006,8x16,0
N005664,P120,8x16,0
N005666,P094,8x16,0
N005669,P003,8x16,0
N005676,P032,8x16,0
N005690,P158,8x16,0
N005692,P004,8x16,0
N005716,P004,8x16,0
N005743,P001,8x16,0
N005744,P004,8x16,0
N005750,P004,8x16,0
N005771,P003,8x16,0
N005772,P094,8x16,0
N005773,P198,8x16,0
N005776,P142,8x16,0
N005780,P160,8x16,0
N005787,P020,8x16,0
N005805,P001,8x16,0
N005806,P006,8x16,0
N005814,P003,8x16,0
N005818,P003,8x16,0
N005825,P215,8x16,0
N005828,P004,8x16,0
N005835,P002,8x16,0
N005843,P121,8x16,0
N005855,P214,8x16,0
N005862,P002,8x16,0
N005867,P227,8x16,0
N005873,P002,8x16,0
N005891,P001,8x16,0
N005914,P062,8x16,0
N005917,P057,8x16,0
N005926,P089,8x16,0
N005927,P001,8x16,0
N005941,P002,8x16,0
N005945,P147,8x16,0
N005946,P004,8x16,0
N005953,P040,8x16,0
N005962,P020,8x16,0
N005983,P005,8x16,0
N005985,P004,8x16,0
N005986,P002,8x16,1
N005989,P005,8x16,1
N005990,P147,8x16,0
N006004,P005,8x16,0
N006009,P006,8x16,0
N006025,P074,8x16,0
N006038,P006,8x16,0
N006041,P003,8x16,0
N006045,P002,8x16,0
N006050,P003,8x16,0
N006053,P004,8x16,0
N006064,P003,8x16,0
N006079,P021,8x16,0
N006086,P137,8x16,1
N006087,P044,8x16,1
N006099,P001,8x16,0
N006100,P191,8x16,0
N006112,P002,8x16,0
N006116,P005,8x16,0
N006121,P004,8x16,0
N006131,P141,8x16,0
N006145,P064,8x16,0
N006146,P005,8x16,0
N006150,P003,8x16,1
N006153,P004,8x16,1
N006165,P003,8x16,0
N006167,P072,8x16,0
N006170,P004,8x16,0
N006173,P056,8x16,0
N006178,P002,8x16,0
N006182,P096,8x16,0
N006198,P006,8x16,0
N006200,P003,8x16,0
N006201,P122,8x16,0
N006225,P001,8x16,0
N006227,P221,8x16,0
N006266,P004,8x16,0
N006274,P002,8x16,0
N006275,P143,8x16,0
N006280,P035,8x16,0
N006306,P004,8x16,0
N006313,P101,8x16,0
N006319,P004,8x16,0
N006324,P001,8x16,0
N006325,P073,8x16,1
N006326,P094,8x16,1
N006349,P001,8x16,0
N006359,P005,8x16,0
N006364,P013,8x16,0
N006366,P006,8x16,0
N006385,P004,8x16,0
N006396,P125,8x16,0
N006401,P003,8x16,0
N006419,P001,8x16,0
N006423,P079,8x16,1
N006425,P094,8x16,1
N006457,P003,8x16,0
N006462,P200,8x16,1
N006463,P094,8x16,1
N006470,P001,8x16,0
N006480,P005,8x16,0
N006487,P248,8x16,0
N006491,P005,8x16,0
N006510,P170,8x16,0
N006511,P115,8x16,0
N006512,P001,8x16,0
N006541,P003,8x16,0
N006544,P001,8x16,0
N006545,P156,8x16,0
N006546,P004,8x16,0
N006560,P006,8x16,0
N006564,P244,8x16,0
N006565,P227,8x16,0
N006568,P003,8x16,0
N006569,P005,8x16,0
N006570,P004,8x16,0
N006584,P224,8x16,0
N006588,P015,8x16,0
N006591,P019,8x16,0
N006596,P004,8x16,0
N006620,P003,8x16,0
N006622,P001,8x16,0
N006623,P002,8x16,0
N006638,P006,8x16,0
N006643,P005,8x16,0
N006644,P094,8x16,0
N006646,P006,8x16,0
N006662,P005,8x16,0
N006701,P086,8x16,0
N006712,P108,8x16,0
N006725,P076,8x16,0
N006728,P004,8x16,0
N006730,P006,8x16,0
N006731,P167,8x16,1
N006732,P085,8x16,1
N006759,P013,8x16,0
N006760,P002,8x16,0
N006762,P240,8x16,0
N006764,P004,8x16,0
N006774,P006,8x16,0
N006775,P046,8x16,0
N006802,P005,8x16,0
N006804,P094,8x16,0
N006807,P093,8x16,0
N006820,P135,8x16,0
N006828,P226,8x16,0
N006832,P001,8x16,0
N006856,P004,8x16,0
N006857,P094,8x16,0
N006862,P006,8x16,0
N006863,P005,8x16,0
N006886,P153,8x16,0
N006893,P003,8x16,0
N006901,P217,8x16,0
N006903,P006,8x16,2
N006905,P189,8x16,2
N006906,P129,8x16,2
N006958,P004,8x16,0
N006959,P120,8x16,0
N006976,P001,8x16,0
N006981,P068,8x16,0
N006982,P191,8x16,0
N006996,P166,8x16,0
N006998,P005,8x16,0
N007002,P005,8x16,0
N007004,P193,8x16,0
N007009,P151,8x16,0
N007012,P094,8x16,0
N007021,P003,8x16,0
N007023,P006,8x16,1
N007027,P004,8x16,1
N007029,P114,8x16,0
N007036,P061,8x16,0
N007038,P013,8x16,0
N007053,P006,8x16,0
N007057,P002,8x16,0
N007060,P135,8x16,0
N007062,P001,8x16,0
N007063,P003,8x16,0
N007064,P215,8x16,0
N007076,P156,8x16,0
N007083,P003,8x16,0
N007101,P006,8x16,0
N007104,P175,8x16,1
N007105,P105,8x16,1
N007121,P094,8x16,0
N007128,P162,8x16,0
N007145,P003,8x16,0
N007146,P136,8x16,0
N007148,P002,8x16,0
N007153,P001,8x16,0
N007166,P222,8x16,0
N007181,P089,8x16,0
N007183,P006,8x16,0
N007185,P002,8x16,0
N007188,P094,8x16,0
N007190,P228,8x16,0
N007191,P004,8x16,0
N007193,P002,8x16,0
N007201,P010,8x16,0
N007205,P061,8x16,1
N007207,P136,8x16,1
N007220,P088,8x16,0
N007223,P179,8x16,0
N007233,P005,8x16,0
N007247,P003,8x16,0
N007292,P049,8x16,0
N007300,P001,8x16,0
N007303,P002,8x16,0
N007306,P004,8x16,0
N007313,P205,8x16,0
N007325,P153,8x16,0
N007327,P232,8x16,0
N007334,P094,8x16,1
N007335,P147,8x16,1
N007343,P004,8x16,0
N007366,P184,8x16,0
N007368,P004,8x16,0
N007376,P003,8x16,0
N007382,P003,8x16,0
N007387,P244,8x16,0
N007391,P211,8x16,0
N007396,P094,8x16,1
N007397,P096,8x16,1
N007428,P088,8x16,0
N007430,P005,8x16,0
N007431,P006,8x16,0
N007449,P002,8x16,0
N007453,P168,8x16,0
N007454,P004,8x16,0
N007457,P122,8x16,0
N007461,P003,8x16,0
N007467,P065,8x16,0
N007477,P001,8x16,0
N007478,P004,8x16,0
N007487,P020,8x16,0
N007491,P005,8x16,0
N007497,P005,8x16,0
N007499,P189,8x16,0
N007528,P066,8x16,0
N007541,P020,8x16,0
N007546,P004,8x16,0
N007552,P127,8x16,0
N007557,P003,8x16,0
N007560,P002,8x16,0
N007561,P094,8x16,0
N007568,P240,8x16,0
N007570,P005,8x16,0
N007573,P088,8x16,0
N007574,P006,8x16,0
N007575,P003,8x16,0
N007614,P005,8x16,0
N007615,P006,8x16,0
N007616,P041,8x16,0
N007620,P004,8x16,0
N007621,P113,8x16,0
N007633,P051,8x16,0
N007637,P005,8x16,0
N007639,P137,8x16,0
N007645,P030,8x16,0
N007647,P001,8x16,0
N007652,P005,8x16,0
N007668,P002,8x16,0
N007681,P005,8x16,0
N007687,P006,8x16,0
N007701,P005,8x16,0
N007718,P003,8x16,0
N007728,P003,8x16,0
N007729,P075,8x16,1
N007732,P215,8x16,1
N007764,P021,8x16,0
N007774,P017,8x16,0
N007783,P036,8x16,0
N007784,P233,8x16,0
N007825,P002,8x16,0
N007828,P001,8x16,0
N007841,P002,8x16,0
N007848,P003,8x16,0
N007849,P006,8x16,0
N007856,P052,8x16,0
N007858,P004,8x16,0
N007867,P147,8x16,0
N007874,P005,8x16,0
N007876,P001,8x16,0
N007877,P180,8x16,0
N007889,P006,8x16,0
N007893,P160,8x16,1
N007894,P094,8x16,1
N007902,P001,8x16,0
N007911,P047,8x16,0
N007916,P004,8x16,0
N007921,P003,8x16,0
N007922,P202,8x16,0
N007932,P001,8x16,0
N007938,P214,8x16,0
N007941,P006,8x16,0
N007953,P072,8x16,0
N007965,P002,8x16,0
N007972,P003,8x16,0
N007976,P001,8x16,0
N007988,P021,8x16,0
N007995,P003,8x16,0
N007997,P197,8x16,0
N007999,P166,8x16,1
N008002,P136,8x16,1
N008009,P020,8x16,0
N008010,P002,8x16,0
N008018,P002,8x16,0
N008022,P005,8x16,0
N008027,P182,8x16,0
N008041,P148,8x16,0
N008048,P020,8x16,1
N008049,P248,8x16,0
N008050,P235,8x16,1
N008055,P001,8x16,0
N008071,P006,8x16,0
N008087,P003,8x16,0
N008088,P001,8x16,0
N008093,P055,8x16,0
N008094,P003,8x16,0
N008101,P026,8x16,0
N008105,P236,8x16,0
N008110,P005,8x16,0
N008135,P006,8x16,0
N008152,P036,8x16,1
N008153,P094,8x16,1
N008166,P002,8x16,0
N008176,P002,8x16,0
N008186,P005,8x16,0
N008188,P094,8x16,1
N008190,P020,8x16,1
N008196,P056,8x16,0
N008199,P089,8x16,0
N008208,P002,8x16,0
N008220,P004,8x16,0
N008225,P001,8x16,0
N008230,P005,8x16,0
N008238,P006,8x16,0
N008239,P031,8x16,0
N008248,P065,8x16,0
N008249,P001,8x16,0
N008255,P208,8x16,0
N008261,P001,8x16,0
N008262,P210,8x16,0
N008268,P004,8x16,0
N008280,P034,8x16,0
N008284,P057,8x16,0
N008285,P002,8x16,0
N008288,P006,8x16,0
N008301,P179,8x16,0
N008321,P004,8x16,0
N008330,P004,8x16,0
N008335,P094,8x16,0
N008336,P001,8x16,0
N008357,P070,8x16,0
N008366,P241,8x16,1
N008369,P052,8x16,1
N008376,P006,8x16,0
N008379,P088,8x16,0
N008380,P146,8x16,0
N008382,P001,8x16,0
N008406,P006,8x16,0
N008409,P094,8x16,1
N008410,P070,8x16,1
N008411,P016,8x16,0
N008412,P094,8x16,0
N008443,P003,8x16,0
N008452,P005,8x16,0
N008460,P001,8x16,0
N008464,P006,8x16,0
N008482,P096,8x16,0
N008487,P232,8x16,1
N008488,P253,8x16,1
N008497,P005,8x16,0
N008498,P094,8x16,0
N008499,P052,8x16,0
N008514,P237,8x16,0
N008515,P002,8x16,0
N008517,P004,8x16,0
N008539,P001,8x16,0
N008542,P064,8x16,0
N008545,P071,8x16,0
N008551,P094,8x16,0
N008561,P048,8x16,0
N008562,P004,8x16,0
N008565,P006,8x16,0
N008572,P067,8x16,0
N008583,P004,8x16,0
N008599,P005,8x16,1
N008602,P071,8x16,0
N008603,P002,8x16,1
N008608,P005,8x16,0
N008611,P003,8x16,0
N008630,P002,8x16,0
N008641,P004,8x16,0
N008642,P002,8x16,0
N008645,P001,8x16,0
N008664,P107,8x16,0
N008676,P003,8x16,0
N008677,P174,8x16,0
N008725,P181,8x16,0
N008728,P002,8x16,0
N008733,P025,8x16,0
N008734,P004,8x16,0
N008741,P001,8x16,0
N008744,P104,8x16,0
N008752,P076,8x16,0
N008774,P005,8x16,0
N008784,P001,8x16,0
N008791,P005,8x16,0
N008794,P003,8x16,0
N008801,P193,8x16,0
N008803,P001,8x16,0
N008808,P003,8x16,0
N008816,P005,8x16,0
N008823,P004,8x16,0
N008825,P001,8x16,0
N008828,P054,8x16,0
N008840,P026,8x16,0
N008863,P013,8x16,0
N008873,P004,8x16,0
N008917,P052,8x16,0
N008926,P002,8x16,0
N008928,P004,8x16,0
N008937,P151,8x16,0
N008938,P004,8x16,0
N008943,P217,8x16,0
N008945,P002,8x16,0
N008952,P052,8x16,0
N008956,P195,8x16,0
N008966,P228,8x16,0
N008967,P244,8x16,0
N008968,P059,8x16,0
N008993,P168,8x16,1
N008994,P227,8x16,1
N008995,P193,8x16,0
N008997,P094,8x16,0
N008998,P004,8x16,0
N009010,P003,8x16,0
N009014,P131,8x16,0
N009030,P002,8x16,0
N009040,P004,8x16,0
N009046,P003,8x16,0
N009049,P005,8x16,0
N009060,P001,8x16,0
N009065,P005,8x16,0
N009075,P004,8x16,0
N009079,P001,8x16,0
N009085,P001,8x16,0
N009092,P248,8x16,0
N009100,P133,8x16,0
N009126,P002,8x16,0
N009136,P222,8x16,0
N009138,P046,8x16,0
N009140,P002,8x16,0
N009150,P133,8x16,1
N009151,P001,8x16,0
N009152,P211,8x16,1
N009154,P167,8x16,0
N009162,P002,8x16,0
N009163,P227,8x16,0
N009169,P002,8x16,0
N009175,P072,8x16,0
N009205,P005,8x16,0
N009208,P004,8x16,0
N009213,P004,8x16,0
N009224,P003,8x16,0
N009227,P003,8x16,0
N009234,P006,8x16,0
N009235,P037,8x16,0
N009236,P091,8x16,0
N009237,P006,8x16,0
N009240,P138,8x16,0
N009272,P004,8x16,0
N009281,P002,8x16,0
N009301,P020,8x16,1
N009302,P028,8x16,1
N009303,P006,8x16,0
N009304,P006,8x16,0
N009311,P004,8x16,0
N009318,P249,8x16,0
N009323,P005,8x16,0
N009324,P006,8x16,0
N009330,P225,8x16,0
N009345,P004,8x16,0
N009349,P136,8x16,1
N009350,P240,8x16,1
N009368,P001,8x16,0
N009371,P005,8x16,0
N009372,P238,8x16,0
N009379,P106,8x16,1
N009380,P094,8x16,1
N009384,P005,8x16,0
N009386,P003,8x16,0
N009387,P081,8x16,0
N009409,P006,8x16,0
N009413,P047,8x16,0
N009414,P004,8x16,0
N009437,P004,8x16,0
N009439,P003,8x16,0
N009445,P001,8x16,0
N009455,P002,8x16,0
N009456,P216,8x16,0
N009477,P006,8x16,0
N009478,P001,8x16,0
N009479,P094,8x16,0
N009485,P004,8x16,0
N009495,P003,8x16,0
N009498,P004,8x16,0
N009517,P081,8x16,0
N009521,P005,8x16,0
N009531,P004,8x16,0
N009541,P020,8x16,0
N009546,P002,8x16,0
N009547,P002,8x16,1
N009548,P001,8x16,1
N009553,P004,8x16,0
N009555,P002,8x16,0
N009562,P002,8x16,0
N009564,P002,8x16,0
N009584,P004,8x16,0
N009587,P006,8x16,0
N009592,P206,8x16,0
N009612,P006,8x16,0
N009628,P154,8x16,0
N009630,P006,8x16,0
N009648,P005,8x16,0
N009659,P001,8x16,0
N009665,P003,8x16,0
N009670,P214,8x16,0
N009671,P014,8x16,0
N009675,P002,8x16,0
N009680,P001,8x16,0
N009682,P240,8x16,0
N009700,P003,8x16,0
N009701,P196,8x16,1
N009703,P002,8x16,0
N009705,P172,8x16,1
N009707,P001,8x16,0
N009708,P153,8x16,0
N009718,P094,8x16,0
N009727,P002,8x16,0
N009735,P006,8x16,0
N009745,P002,8x16,0
N009759,P001,8x16,0
N009764,P106,8x16,0
N009766,P003,8x16,0
N009773,P002,8x16,0
N009775,P006,8x16,0
N009782,P206,8x16,0
N009816,P002,8x16,0
N009822,P044,8x16,0
N009823,P002,8x16,0
N009829,P001,8x16,0
N009834,P044,8x16,0
N009835,P004,8x16,0
N009838,P070,8x16,0
N009840,P227,8x16,0
N009841,P003,8x16,0
N009844,P006,8x16,0
N009848,P002,8x16,0
N009854,P002,8x16,0
N009857,P224,8x16,0
N009863,P006,8x16,0
N009866,P240,8x16,1
N009868,P239,8x16,1
N009882,P003,8x16,0
N009890,P191,8x16,0
N009894,P004,8x16,0
N009896,P202,8x16,0
N009916,P004,8x16,0
N009918,P109,8x16,0
N009925,P094,8x16,0
N009928,P003,8x16,0
N009954,P061,8x16,0
N009969,P004,8x16,0
N009975,P067,8x16,0
N009978,P001,8x16,0
N009979,P003,8x16,0
N009982,P004,8x16,0
N009983,P031,8x16,0
N009985,P001,8x16,0
N010005,P117,8x16,0
N010008,P002,8x16,0
N010018,P004,8x16,0
N010020,P008,8x16,0
N010028,P006,8x16,0
N010033,P124,8x16,1
N010034,P098,8x16,1
N010035,P022,8x16,0
N010039,P004,8x16,0
N010073,P004,8x16,0
N010077,P006,8x16,0
N010081,P094,8x16,0
N010082,P001,8x16,0
N010086,P074,8x16,0
N010092,P003,8x16,0
N010093,P005,8x16,0
N010102,P080,8x16,0
N010106,P002,8x16,0
N010107,P121,8x16,0
N010109,P003,8x16,0
N010111,P001,8x16,0
N010116,P010,8x16,0
N010133,P187,8x16,0
N010135,P094,8x16,1
N010136,P023,8x16,1
N010144,P203,8x16,1
N010145,P094,8x16,1
N010185,P006,8x16,0
N010207,P006,8x16,0
N010211,P002,8x16,0
N010218,P036,8x16,0
N010231,P001,8x16,0
N010261,P001,8x16,0
N010265,P056,8x16,0
N010292,P094,8x16,0
N010293,P135,8x16,0
N010317,P021,8x16,1
N010318,P243,8x16,1
N010330,P005,8x16,0
N010335,P002,8x16,0
N010336,P255,8x16,0
N010357,P001,8x16,1
N010360,P002,8x16,1
N010375,P176,8x16,0
N010387,P001,8x16,0
N010389,P240,8x16,1
N010390,P006,8x16,0
N010391,P044,8x16,1
N010406,P136,8x16,0
N010407,P247,8x16,0
N010408,P078,8x16,0
N010411,P006,8x16,0
N010413,P001,8x16,0
N010419,P193,8x16,0
N010431,P041,8x16,1
N010432,P141,8x16,1
N010448,P006,8x16,0
N010471,P207,8x16,0
N010491,P002,8x16,0
N010492,P001,8x16,0
N010497,P002,8x16,0
N010499,P006,8x16,0
N010502,P003,8x16,0
N010506,P058,8x16,0
N010507,P002,8x16,0
N010508,P189,8x16,0
N010509,P006,8x16,0
N010513,P001,8x16,1
N010514,P002,8x16,1
N010526,P225,8x16,0
N010531,P004,8x16,0
N010535,P005,8x16,0
N010547,P003,8x16,0
N010560,P006,8x16,0
N010563,P005,8x16,0
N010570,P001,8x16,0
N010572,P069,8x16,0
N010584,P096,8x16,0
N010598,P006,8x16,0
N010603,P006,8x16,0
N010605,P247,8x16,0
N010609,P005,8x16,0
N010614,P001,8x16,0
N010619,P001,8x16,0
N010620,P065,8x16,1
N010621,P094,8x16,1
N010634,P005,8x16,0
N010660,P129,8x16,0
N010682,P255,8x16,1
N010683,P112,8x16,1
N010689,P006,8x16,0
N010699,P004,8x16,0
N010700,P073,8x16,0
N010711,P224,8x16,0
N010723,P004,8x16,0
N010742,P131,8x16,0
N010743,P240,8x16,0
N010748,P140,8x16,0
N010762,P200,8x16,0
N010766,P053,8x16,0
N010769,P003,8x16,0
N010778,P001,8x16,0
N010788,P148,8x16,0
N010795,P214,8x16,0
N010814,P006,8x16,0
N010823,P004,8x16,0
N010825,P215,8x16,0
N010826,P006,8x16,0
N010844,P096,8x16,0
N010853,P006,8x16,0
N010856,P094,8x16,0
N010857,P004,8x16,0
N010880,P003,8x16,0
N010881,P004,8x16,0
N010890,P003,8x16,0
N010910,P034,8x16,0
N010912,P005,8x16,0
N010918,P186,8x16,0
N010930,P202,8x16,0
N010935,P002,8x16,0
N010941,P026,8x16,1
N010942,P051,8x16,1
N010946,P214,8x16,0
N010960,P215,8x16,0
N010976,P248,8x16,0
N010980,P005,8x16,0
N010981,P094,8x16,0
N010982,P005,8x16,0
N010985,P002,8x16,0
N010999,P240,8x16,0
N011000,P236,8x16,0
N011001,P004,8x16,0
N011017,P001,8x16,0
N011019,P004,8x16,0
N011020,P094,8x16,0
N011033,P002,8x16,1
N011035,P001,8x16,1
N011036,P094,8x16,0
N011041,P001,8x16,1
N011043,P005,8x16,1
N011048,P006,8x16,0
N011053,P006,8x16,0
N011060,P005,8x16,0
N011075,P044,8x16,1
N011076,P001,8x16,0
N011077,P028,8x16,1
N011090,P003,8x16,0
N011092,P006,8x16,0
N011095,P182,8x16,0
N011101,P082,8x16,0
N011108,P002,8x16,0
N011118,P240,8x16,1
N011119,P092,8x16,1
N011122,P003,8x16,0
N011130,P006,8x16,0
N011139,P005,8x16,0
N011140,P003,8x16,0
N011149,P147,8x16,0
N011151,P005,8x16,0
N011152,P003,8x16,0
N011154,P005,8x16,0
N011156,P094,8x16,0
N011184,P169,8x16,0
N011201,P094,8x16,0
N011207,P003,8x16,0
N011255,P167,8x16,0
N011269,P001,8x16,0
N011281,P003,8x16,0
N011282,P094,8x16,0
N011284,P006,8x16,0
N011302,P032,8x16,0
N011317,P167,8x16,1
N011320,P129,8x16,1
N011332,P002,8x16,0
N011335,P004,8x16,0
N011336,P001,8x16,0
N011361,P006,8x16,0
N011367,P136,8x16,0
N011369,P036,8x16,0
N011414,P080,8x16,0
N011420,P005,8x16,0
N011429,P214,8x16,0
N011433,P001,8x16,0
N011438,P232,8x16,0
N011440,P003,8x16,0
N011446,P005,8x16,0
N011480,P004,8x16,0
N011482,P001,8x16,0
N011487,P104,8x16,0
N011499,P001,8x16,1
N011500,P005,8x16,1
N011515,P195,8x16,0
N011516,P002,8x16,0
N011522,P091,8x16,0
N011523,P003,8x16,0
N011525,P214,8x16,0
N011533,P006,8x16,0
N011534,P004,8x16,0
N011538,P001,8x16,0
N011568,P002,8x16,0
N011576,P005,8x16,0
N011580,P103,8x16,0
N011588,P245,8x16,0
N011595,P003,8x16,0
N011601,P191,8x16,1
N011602,P096,8x16,1
N011603,P116,8x16,0
N011613,P005,8x16,0
N011616,P193,8x16,0
N011628,P003,8x16,0
N011629,P002,8x16,0
N011646,P022,8x16,0
N011649,P136,8x16,0
N011658,P004,8x16,0
N011663,P003,8x16,0
N011666,P003,8x16,0
N011674,P172,8x16,0
N011682,P004,8x16,0
N011687,P214,8x16,1
N011688,P094,8x16,1
N011691,P002,8x16,0
N011716,P235,8x16,1
N011717,P028,8x16,1
N011732,P167,8x16,0
N011750,P098,8x16,0
N011759,P080,8x16,0
N011771,P002,8x16,0
N011777,P079,8x16,0
N011786,P020,8x16,0
N011793,P004,8x16,0
N011795,P005,8x16,0
N011803,P001,8x16,0
N011807,P140,8x16,0
N011829,P020,8x16,1
N011830,P200,8x16,1
N011831,P159,8x16,0
N011834,P094,8x16,0
N011835,P083,8x16,0
N011853,P001,8x16,0
N011859,P002,8x16,0
N011862,P006,8x16,0
N011869,P002,8x16,0
N011872,P240,8x16,0
N011892,P001,8x16,0
N011900,P002,8x16,0
N011901,P006,8x16,0
N011914,P001,8x16,0
N011915,P001,8x16,0
N011928,P002,8x16,0
N011929,P005,8x16,0
N011930,P006,8x16,0
N011935,P019,8x16,0
N011938,P174,8x16,0
N011966,P098,8x16,0
N011967,P193,8x16,0
N011975,P227,8x16,0
N011976,P006,8x16,0
N011984,P002,8x16,0
N011985,P181,8x16,0
N011987,P004,8x16,0
N011988,P001,8x16,0
