notice_id_a,notice_id_b,label,word3_jaccard,word5_jaccard,     char5_jaccard
N010018,N010020,same,0.221709007,0.198731501,0.304937915
N007876,N008565,different,0.187159297,0.111341274,0.386430139
N005451,N005452,same,0.309148265,0.273758865,0.410546875
N008464,N010231,different,0.116462976,0.069453376,0.277650965
N000420,N001104,different,0.252392344,0.161490683,0.441013975
N004781,N005219,different,0.270114943,0.19379845,0.463541667
N007021,N010547,different,0.330516432,0.25647452,0.483796887
N004413,N008734,different,0.1296875,0.078762307,0.309614098
N007783,N007784,same,0.280469897,0.246357616,0.386055046
N001104,N001107,same,0.282051282,0.263038549,0.388238916
N006958,N006959,same,0.456565657,0.453627181,0.505540897
N003107,N007431,different,0.368922784,0.279632721,0.530950531
N010497,N011446,different,0.428699552,0.345757335,0.579323958
N002561,N003545,different,0.114767932,0.07751938,0.283852955
N004217,N007965,different,0.420560748,0.340231788,0.576883385
N006099,N006100,same,0.609161793,0.592559787,0.666839917
N009010,N009562,different,0.138932496,0.089361702,0.327934324
N005332,N005333,same,0.862422998,0.818181818,0.91638796
N008288,N010448,different,0.392201835,0.270550162,0.593791574
N002391,N009409,different,0.14017991,0.086021505,0.322330097
N001001,N007428,different,0.188927944,0.121329212,0.36131566
N002919,N002920,same,0.956736712,0.942414175,0.974104859
N007223,N008301,different,0.256410256,0.163841808,0.436781609
N005352,N007867,different,0.140468227,0.086410635,0.314604078
N007893,N007894,same,0.888888889,0.852017937,0.939809049
N002670,N007972,different,0.398148148,0.281518625,0.594300894
N006038,N008642,different,0.163710778,0.098251959,0.344096672
N004523,N007453,different,0.249445676,0.160077146,0.413509545
N006491,N010563,different,0.425164474,0.323175053,0.580926181
N002902,N010086,different,0.234079174,0.145772595,0.437468096
N001013,N003939,different,0.271497585,0.173805601,0.473914231
N002612,N004456,different,0.148804934,0.097020097,0.309950356
N003308,N005945,different,0.129438717,0.08436214,0.289939024
N002811,N007128,different,0.25990676,0.168016194,0.454773083
N007478,N011108,different,0.163294798,0.106615286,0.327051672
N001760,N001761,same,0.966480447,0.955017301,0.982126899
N004944,N009237,different,0.158385093,0.105890603,0.321280767
N008261,N008262,same,0.61770428,0.598237885,0.680641822
N003630,N009918,different,0.207667732,0.122727273,0.396996997
N003948,N008608,different,0.135236664,0.078824315,0.312340967
N008997,N008998,same,0.513274336,0.473972603,0.620440592
N004789,N005917,different,0.278481013,0.160928144,0.519463087
N003672,N008071,different,0.48125937,0.404401651,0.64563657
N009235,N009236,same,0.405679513,0.370510397,0.50886194
N001817,N002597,different,0.396109637,0.334121355,0.523809524
N000985,N000986,same,0.222222222,0.196502058,0.294754846
N000993,N010660,different,0.236842105,0.142241379,0.435277383
N003269,N010318,different,0.277826468,0.172035139,0.497932817
N011750,N011966,different,0.278864971,0.167907361,0.496376812
N010357,N010360,same,0.987792472,0.970204842,0.996269651
N001163,N001165,same,0.97752809,0.968,0.985102421
N011255,N011732,different,0.288241415,0.172353456,0.507624633
N007191,N011803,different,0.126436782,0.07941989,0.285529437
N003422,N008330,different,0.141802068,0.090608466,0.3140599
N004762,N011915,different,0.407308378,0.328627451,0.564427861
N006325,N006326,same,0.85674548,0.810539523,0.921908127
N003658,N003661,same,0.925233645,0.894645941,0.96306186
N010135,N010136,same,0.987281399,0.982300885,0.9904
N003079,N011928,different,0.421674877,0.353508772,0.558406843
N000268,N009659,different,0.506432749,0.42721519,0.648566199
N001173,N001174,same,0.594458438,0.564042303,0.692935636
N004065,N007546,different,0.371848739,0.297271872,0.545092461
N000702,N007932,different,0.122857143,0.074825618,0.289723483
N009387,N009517,different,0.25426945,0.155007949,0.455195162
N000358,N007166,different,0.242051282,0.15248227,0.43656286
N007841,N011872,different,0.128779395,0.090062112,0.295327652
N000576,N000577,same,0.195629553,0.17860554,0.263410729
N003372,N008041,different,0.255625563,0.15407855,0.461578947
N006470,N009323,different,0.404987102,0.324548193,0.546860133
N001685,N001686,same,0.634904714,0.613284804,0.698174006
N002358,N005690,different,0.258687259,0.157422512,0.483888889
N002216,N002218,same,0.867892977,0.813533835,0.951279934
N003837,N007101,different,0.349166667,0.253228121,0.533886256
N008995,N010419,different,0.246548323,0.147554806,0.438683128
N001394,N003813,different,0.155097614,0.10459433,0.294353683
N003816,N009648,different,0.432760364,0.364630811,0.586844251
N000883,N003126,different,0.125110914,0.086672118,0.295652174
N010748,N011807,different,0.274853801,0.199475066,0.483717775
N006050,N007874,different,0.17076412,0.1027278,0.353409753
N011687,N011688,same,0.989130435,0.983022071,0.992214533
N000036,N011140,different,0.202219482,0.126723224,0.396503102
N000051,N000052,same,0.969262295,0.953307393,0.985766758
N001105,N007889,different,0.105173876,0.068021892,0.272853186
N004491,N004492,same,0.54845815,0.518292683,0.625529511
N004978,N009682,different,0.18842002,0.1228223,0.363239705
N008379,N008380,same,0.890092879,0.86440678,0.918219855
N001189,N011628,different,0.15307971,0.098874598,0.313927227
N000183,N001889,different,0.501762632,0.434042553,0.638194021
N006225,N006227,same,0.231042654,0.210412148,0.309146341
N002447,N007313,different,0.206762029,0.130285714,0.387586207
N005321,N005322,same,0.938953488,0.930412371,0.948320413
N004563,N004564,same,0.400183993,0.385210662,0.517266897
N001497,N001498,same,0.483035714,0.464579901,0.588151994
N002729,N008105,different,0.273076923,0.156225218,0.478346457
N000314,N008220,different,0.204458599,0.123355263,0.393380255
N001902,N009227,different,0.436156764,0.351075878,0.604557641
N001376,N009439,different,0.377341659,0.283501162,0.553616591
N003019,N009498,different,0.178807947,0.111111111,0.363867684
N003883,N004988,different,0.159217877,0.093885114,0.330886729
N004822,N007764,different,0.221167883,0.130650155,0.412749517
N000255,N007615,different,0.337825696,0.261829653,0.502284264
N005676,N011302,different,0.230310263,0.144032922,0.401315789
N003403,N007889,different,0.134600158,0.082014388,0.311762134
N002476,N005891,different,0.145173176,0.090789474,0.311375993
N004988,N009224,different,0.181329752,0.114792899,0.364676231
N001677,N011151,different,0.172647258,0.100356295,0.353768059
N006731,N006732,same,0.907775769,0.88590604,0.936386768
N002200,N009548,different,0.158429248,0.097429767,0.331340905
N001873,N001874,same,0.903030303,0.8815427,0.930586488
N006820,N010293,different,0.260915868,0.164835165,0.456371814
N004096,N007060,different,0.322975518,0.208268331,0.551667126
N003135,N003543,different,0.294234592,0.182044888,0.514912281
N006564,N007387,different,0.271676301,0.19121447,0.472128946
N004906,N008027,different,0.295869356,0.184,0.496526813
N000145,N007083,different,0.149929279,0.09125,0.319049553
N008087,N008088,same,0.324647123,0.31010101,0.430734076
N007153,N007701,different,0.380102041,0.316341829,0.510341622
N010825,N010826,same,0.618544601,0.600214362,0.694868662
N006905,N006906,same,0.983532934,0.979195562,0.98838897
N001863,N002786,different,0.164634146,0.098992294,0.344710579
N001735,N005403,different,0.364717542,0.286347518,0.540628386
N009982,N009985,same,0.208204334,0.188251946,0.329477292
N008801,N011616,different,0.240081384,0.152910513,0.418577982
N003201,N011795,different,0.392964072,0.304996755,0.553832715
N009040,N010335,different,0.137142857,0.088300221,0.306919388
N000276,N000278,same,0.266393443,0.237392374,0.349794239
N001338,N001340,same,0.981452859,0.969957082,0.989772727
N011118,N011119,same,0.872170439,0.837869822,0.925900515
N000768,N000770,same,0.656033287,0.635903919,0.688635554
N001515,N006807,different,0.24857685,0.146049481,0.469849246
N009100,N009150,different,0.220419847,0.135004042,0.406215921
N000437,N010413,different,0.144662921,0.090455396,0.315134484
N008497,N008498,same,0.566703418,0.53992016,0.642773552
N007145,N007146,same,0.500619579,0.477011494,0.597730139
N007053,N010560,different,0.331911263,0.248327138,0.495103893
N008280,N010910,different,0.243756244,0.144425676,0.429796969
N001364,N001365,same,0.873925501,0.819010417,0.945600584
N001075,N009237,different,0.410989011,0.321850394,0.581096849
N003268,N007976,different,0.44875549,0.333540373,0.64553127
N004168,N004169,same,0.667910448,0.651299246,0.722165992
N003317,N011369,different,0.222637979,0.135458167,0.393326327
N002748,N011595,different,0.368471954,0.276740238,0.526343381
N000873,N002331,different,0.141135972,0.09169279,0.299063232
N009379,N009380,same,0.98447205,0.98005698,0.988496933
N007382,N009541,different,0.166129032,0.097251586,0.338839183
N006828,N011568,different,0.173141892,0.107142857,0.337644016
N005210,N009890,different,0.208333333,0.127376426,0.384683099
N009046,N010077,different,0.338189386,0.274907749,0.46996663
N000659,N006306,different,0.143173432,0.091029024,0.318238731
N005472,N007849,different,0.154676259,0.097124601,0.330671581
N007681,N009555,different,0.390340459,0.310416667,0.54512958
N007201,N010116,different,0.236175115,0.151093439,0.429115128
N002665,N004599,different,0.160762943,0.097502973,0.343086172
N007557,N008376,different,0.405448718,0.281186784,0.606602476
N000189,N001381,different,0.239087302,0.144295302,0.440214326
N004220,N007941,different,0.36535009,0.271450858,0.543390515
N002036,N008928,different,0.104089219,0.068273092,0.253019575
N003662,N010020,different,0.276470588,0.194736842,0.484929672
N004066,N006280,different,0.218262806,0.144800777,0.410797394
N005647,N010086,different,0.232484076,0.148760331,0.399364713
N002586,N006131,different,0.237907206,0.15834039,0.411288069
N004043,N004969,different,0.114242193,0.074829932,0.264407511
N010853,N010857,same,0.753571429,0.74015748,0.788524105
N000202,N007774,different,0.283224401,0.171402383,0.486461819
N002852,N002853,same,0.588300221,0.56199187,0.668376068
N008049,N010976,different,0.23,0.144220573,0.421519886
N010028,N010039,different,0.368421053,0.293282876,0.521422571
N004028,N010035,different,0.275449102,0.197860963,0.475476839
N001702,N010946,different,0.187695516,0.111829945,0.351743375
N008791,N008803,different,0.408854167,0.333590139,0.561792339
N000684,N004640,different,0.259398496,0.161111111,0.461202186
N011929,N011930,same,0.398245614,0.383739837,0.513748531
N003860,N004075,different,0.351084813,0.274093722,0.520169851
N003884,N007431,different,0.143497758,0.091755319,0.324849008
N002204,N007953,different,0.20021645,0.123701605,0.381791045
N005664,N005666,same,0.837251356,0.773927393,0.928757602
N003982,N006359,different,0.366750209,0.306499261,0.504305329
N002817,N002819,same,0.264705882,0.241935484,0.386024601
N002626,N002629,same,0.548619448,0.51419214,0.630901288
N000262,N002156,different,0.412189254,0.290736984,0.616037736
N000131,N003422,different,0.418107833,0.356417359,0.544530623
N000852,N010531,different,0.127184466,0.090505768,0.275744903
N003659,N005484,different,0.160594796,0.102257636,0.327066866
N001115,N009773,different,0.465483235,0.374456994,0.629058442
N010941,N010942,same,0.907894737,0.890736342,0.932094595
N008101,N008840,different,0.213636364,0.126482213,0.398336414
N005983,N009546,different,0.42519685,0.341860465,0.577650156
N001180,N006053,different,0.353471596,0.268656716,0.526209167
N004248,N005277,different,0.197088466,0.117302053,0.381554596
N006025,N010086,different,0.237649063,0.14295977,0.442034405
N002970,N007570,different,0.409805735,0.345228216,0.555527319
N002439,N007343,different,0.357285429,0.27699115,0.510344828
N001488,N005914,different,0.248962656,0.149689991,0.444837758
N001624,N006762,different,0.149456522,0.104495747,0.296283059
N004870,N006313,different,0.283877349,0.179615706,0.486326473
N011017,N011020,same,0.557800224,0.527347781,0.64044289
N002389,N002391,same,0.585526316,0.551896208,0.666957533
N000672,N002056,different,0.14549483,0.094289509,0.314708995
N003476,N004605,different,0.266802444,0.159931212,0.47517321
N008022,N010492,different,0.413732394,0.325670498,0.5865
N009775,N009854,different,0.098522167,0.064759036,0.266238237
N001443,N010092,different,0.338655462,0.254038179,0.51918522
N008152,N008153,same,0.914606742,0.887733888,0.951564077
N004151,N009894,different,0.151536313,0.092260062,0.336025848
N009151,N011771,different,0.424031778,0.362331839,0.558438085
N004672,N008166,different,0.489010989,0.3858393,0.648105772
N005081,N007027,different,0.206185567,0.141774071,0.359780796
N002173,N008545,different,0.263013699,0.150496562,0.473698193
N003781,N003783,same,0.895209581,0.877216917,0.929499072
N002084,N007552,different,0.235884567,0.146929825,0.436345314
N004001,N004002,same,0.465875371,0.435759209,0.54678134
N009163,N009439,different,0.220948012,0.135240572,0.4177698
N002426,N003338,different,0.147575545,0.095950156,0.314733039
N006423,N006425,same,0.945406125,0.924550898,0.971252567
N007876,N009829,different,0.456910569,0.3517097,0.622227304
N007687,N009311,different,0.409249564,0.300227445,0.602460025
N001746,N002955,different,0.10395189,0.072270228,0.26129712
N008284,N008285,same,0.606476938,0.581705151,0.683631714
N001309,N011869,different,0.125925926,0.087585034,0.276095119
N002589,N004081,different,0.142508143,0.094074074,0.318274226
N005300,N006349,different,0.422535211,0.359276018,0.561822126
N009455,N009456,same,0.551219512,0.519955654,0.640789055
N004081,N010560,different,0.158267717,0.106534091,0.326404246
N004306,N004307,same,0.982978723,0.975951904,0.989361702
N000884,N011090,different,0.344685243,0.273654917,0.499586207
N000010,N003634,different,0.147506925,0.09135201,0.320808081
N002225,N011649,different,0.244877049,0.149737303,0.446017699
N001484,N003224,different,0.122168285,0.081979321,0.267697133
N008411,N008412,same,0.359922179,0.332733813,0.445202365
N006804,N010502,different,0.199025183,0.116991643,0.379655493
N009437,N010826,different,0.358303249,0.267927502,0.525814536
N000335,N007009,different,0.341538462,0.250688705,0.540277778
N002857,N005654,different,0.336382114,0.281885397,0.466396761
N000078,N007325,different,0.304216867,0.218328841,0.513586957
N000864,N005773,different,0.214700193,0.132560066,0.399505766
N007718,N008135,different,0.337209302,0.250546249,0.519990593
N006976,N010778,different,0.379909366,0.295931759,0.530384368
N002774,N011414,different,0.247020585,0.152133581,0.448360405
N004762,N010111,different,0.432306256,0.364016736,0.578184592
N003908,N003909,same,0.243614931,0.221223022,0.358500257
N000664,N000666,same,0.427184466,0.392333709,0.548587395
N004323,N009954,different,0.218140069,0.131868132,0.408649326
N010390,N011580,different,0.143167028,0.097249509,0.299480669
N004880,N004881,same,0.906756757,0.889428919,0.930858311
N000818,N006620,different,0.170588235,0.107487027,0.336822517
N001043,N002862,different,0.280748663,0.162536443,0.530016225
N000640,N011658,different,0.176548967,0.105509965,0.35909355
N008018,N008676,different,0.108486439,0.075441413,0.250058921
N002685,N002686,same,0.483227561,0.465546218,0.587473002
N000449,N010133,different,0.235763098,0.145400593,0.417592593
N004683,N007002,different,0.155862069,0.099633252,0.329744817
N010844,N011602,different,0.238146552,0.145251397,0.420929553
N002440,N002443,same,0.318032787,0.286356822,0.418585859
N001357,N003372,different,0.238222222,0.146747352,0.430848329
N010856,N010857,same,0.655681818,0.628964059,0.731269887
N005262,N005263,same,0.306666667,0.283536585,0.43010113
N000070,N004969,different,0.446441948,0.333757152,0.645418327
N003615,N009126,different,0.412006579,0.323319027,0.595473833
N003236,N006862,different,0.143133462,0.086100169,0.317026194
N001257,N005818,different,0.157048941,0.094811019,0.320058079
N001027,N005073,different,0.216942149,0.140303843,0.387627696
N002169,N011831,different,0.23991727,0.147656941,0.441048035
N002691,N005271,different,0.154950869,0.098773842,0.339091491
N005141,N007639,different,0.219361483,0.137931034,0.410863912
N000675,N005669,different,0.390786338,0.283571915,0.594675235
N005337,N011060,different,0.108499096,0.070774355,0.27791381
N001699,N004758,different,0.148273527,0.094554159,0.313453266
N007012,N009759,different,0.161632653,0.099066762,0.313761468
N004855,N004856,same,0.621595331,0.597356828,0.686578743
N010491,N010492,same,0.667281106,0.646666667,0.718125771
N003270,N006319,different,0.134814815,0.084329349,0.315334318
N003144,N011859,different,0.377208481,0.31328125,0.512242424
N000889,N000890,same,0.614379085,0.599489796,0.682390714
N001432,N001435,same,0.662898253,0.648320896,0.729268293
N008926,N010073,different,0.164658635,0.096470588,0.342734038
N006903,N010093,different,0.182316655,0.113458057,0.359076433
N000486,N000487,same,0.974,0.968164794,0.982407407
N006198,N007366,different,0.160685155,0.094405594,0.32223796
N004084,N004085,same,0.663244353,0.644736842,0.734091525
N007902,N007976,different,0.456909361,0.340050378,0.652968037
N002019,N002021,same,0.494773519,0.475922953,0.605690101
N008725,N008728,same,0.644628099,0.620833333,0.708761625
N001957,N001958,same,0.977586207,0.972929936,0.983816014
N005497,N008336,different,0.127272727,0.077133106,0.288082249
N009301,N009302,same,0.973333333,0.956790123,0.987381703
N008499,N008952,different,0.306967985,0.184458399,0.536698499
N002300,N003674,different,0.162123386,0.102171137,0.334221858
N009680,N011001,different,0.112828439,0.06918239,0.272531263
N005556,N006568,different,0.123188406,0.085249042,0.281540142
N003574,N007121,different,0.219984508,0.137139108,0.422673358
N004353,N004355,same,0.585239085,0.560606061,0.654530523
N004438,N004442,same,0.777429467,0.745350501,0.822908522
N004678,N004680,same,0.86352657,0.84537246,0.893474962
N000056,N009414,different,0.108910891,0.070741758,0.265594436
N005365,N009764,different,0.273873874,0.157933579,0.488092052
N002248,N003503,different,0.228710462,0.153182309,0.389453621
N010508,N010509,same,0.304521277,0.283950617,0.404070737
N001817,N007306,different,0.134943182,0.086185044,0.291775588
N003274,N007023,different,0.363196126,0.272984441,0.54117917
N005079,N005080,same,0.349189189,0.326197757,0.462240664
N000591,N011538,different,0.151310861,0.093457944,0.325809199
N009925,N010387,different,0.164094232,0.104062723,0.329880295
N001053,N002186,different,0.269058296,0.163432836,0.483827854
N008562,N009324,different,0.380327869,0.27864215,0.567385757
N000250,N003051,different,0.146099291,0.093493367,0.31899201
N001525,N001678,different,0.389029536,0.285923754,0.58791077
N008599,N008602,same,0.513739546,0.48401323,0.597037485
N003942,N010918,different,0.227873856,0.137630662,0.423293852
N002513,N007637,different,0.402938902,0.306764903,0.571460079
N009703,N009705,same,0.513981358,0.483990148,0.586862287
N004315,N009584,different,0.364191251,0.286231884,0.512587038
N010620,N010621,same,0.93598862,0.930857875,0.941537351
N008248,N008249,same,0.362658847,0.338406446,0.470147325
N005222,N005225,same,0.371850565,0.356796117,0.478372691
N002502,N002505,same,0.936619718,0.925736236,0.951313485
N006200,N006201,same,0.368164063,0.35361552,0.448508431
N000217,N002582,different,0.193778354,0.117349803,0.39005995
N001207,N004094,different,0.287833828,0.211229947,0.489448604
N005453,N010471,different,0.244087039,0.146613546,0.461559735
N001063,N005024,different,0.276965265,0.164624809,0.492769148
N000697,N005493,different,0.100755668,0.066306862,0.252844788
N003555,N009272,different,0.116086235,0.079305136,0.262962963
N005393,N007391,different,0.23326572,0.139219015,0.433126661
N006121,N009928,different,0.381746032,0.272727273,0.590425532
N004229,N006064,different,0.109623431,0.076452599,0.260579577
N003265,N010005,different,0.319277108,0.241192412,0.503749148
N007303,N007376,different,0.132569558,0.08277901,0.304094876
N005512,N007327,different,0.314136126,0.187096774,0.557547415
N009065,N011122,different,0.122159091,0.084494774,0.287493645
N001376,N001377,same,0.384313725,0.366636931,0.481075437
N000357,N000359,same,0.666293393,0.647785788,0.731678832
N008677,N011938,different,0.272727273,0.172444444,0.466431095
N002197,N002198,same,0.483146067,0.448315912,0.588161209
N001905,N005873,different,0.398402839,0.32725832,0.541533938
N007497,N007499,same,0.633901705,0.611721612,0.706022187
N007334,N007335,same,0.931884058,0.920844327,0.949927431
N002570,N005618,different,0.143055556,0.092097075,0.309566607
N001074,N002707,different,0.147058824,0.09030303,0.313506086
N003691,N004544,different,0.108919383,0.075098814,0.265291607
N003415,N008452,different,0.384868421,0.309025271,0.526671325
N011716,N011717,same,0.975903614,0.968446602,0.98557047
N001083,N011985,different,0.28177458,0.182281059,0.478595318
N011499,N011500,same,0.988851728,0.985416667,0.992550143
N004212,N009766,different,0.373484848,0.265765766,0.570664289
N002974,N006457,different,0.196763754,0.118141097,0.390346677
N003854,N003855,same,0.621247113,0.601272534,0.702518519
N005378,N005379,same,0.943139679,0.941111111,0.946730463
N011829,N011830,same,0.955974843,0.952488688,0.958224543
N005326,N006145,different,0.221556886,0.139514731,0.40498615
N006145,N006146,same,0.56888361,0.533479693,0.661742538
N002008,N003498,different,0.273772205,0.164035088,0.483129727
N010513,N010514,same,0.944609298,0.917795845,0.963961628
N000443,N006009,different,0.112931034,0.079905063,0.275662651
N000043,N000050,same,0.975,0.965393795,0.984078591
N008967,N008968,same,0.259452412,0.23255814,0.343193277
N002801,N002802,same,0.579001019,0.560704356,0.65093572
N000119,N009303,different,0.104166667,0.067835366,0.262661142
N002058,N002059,same,0.954148472,0.944219067,0.962341946
N001325,N009136,different,0.213270142,0.127420999,0.407224959
N003642,N009092,different,0.233918129,0.144723618,0.411143132
N004298,N004299,same,0.96884273,0.950911641,0.986685354
N007729,N007732,same,0.980701754,0.969305331,0.990752417
N007652,N008774,different,0.447927199,0.375680581,0.603680308
N000834,N001578,different,0.145027624,0.090298963,0.315393989
N002673,N009844,different,0.375478927,0.277684564,0.566763234
N003008,N009152,different,0.224775225,0.138370119,0.400338314
N001326,N001328,same,0.579374276,0.550802139,0.657832043
N009445,N009562,different,0.531422271,0.444664032,0.66733871
N005985,N009162,different,0.160288809,0.101403061,0.336572256
N004071,N004072,same,0.933115824,0.905263158,0.966055404
N000384,N002019,different,0.137444279,0.084385382,0.31454196
N003494,N003495,same,0.203108808,0.18173258,0.278525296
N005806,N011786,different,0.176121931,0.114498141,0.339554917
N011420,N011984,different,0.396721311,0.316881259,0.564455862
N006646,N009384,different,0.124548736,0.078577337,0.292839506
N002639,N002640,same,0.910958904,0.8840399,0.943858455
N006541,N009386,different,0.366525424,0.290170132,0.527509926
N006760,N008055,different,0.413793103,0.321571238,0.581746553
N001785,N004629,different,0.374311927,0.283426741,0.532932632
N000741,N000745,same,0.914021164,0.881871345,0.966032609
N008186,N009304,different,0.16838488,0.099454215,0.347194588
N001323,N006364,different,0.277286136,0.194736842,0.494276094
N003863,N010008,different,0.159509202,0.105657805,0.330493665
N000058,N000184,different,0.405286344,0.325545171,0.554875061
N000412,N004657,different,0.167701863,0.106617647,0.347353592
N000926,N003644,different,0.436643836,0.341829085,0.600767754
N004369,N008199,different,0.291705499,0.171802773,0.517109225
N003450,N006996,different,0.204020849,0.127943985,0.385292823
N004410,N006730,different,0.132142857,0.082480818,0.310927835
N006041,N011988,different,0.141608392,0.092783505,0.299855839
N004913,N010317,different,0.283001808,0.16991018,0.514263074
N007995,N007997,same,0.568854569,0.541371158,0.655775578
N001334,N006274,different,0.159453303,0.101832994,0.325561313
N004939,N011284,different,0.113029827,0.074647887,0.265337423
N005634,N006584,different,0.219895288,0.138433515,0.388321995
N003301,N003302,same,0.6,0.577350859,0.672215844
N002267,N010375,different,0.237483954,0.153933865,0.40855901
N003158,N007300,different,0.222717149,0.135463259,0.420755536
N002085,N007988,different,0.241745283,0.144308943,0.421766562
N001118,N001120,same,0.910519952,0.875802998,0.962184874
N000030,N006079,different,0.253363229,0.161383285,0.447515528
N005137,N009628,different,0.23956044,0.154142582,0.427272727
N004055,N008225,different,0.131147541,0.086294416,0.28379006
N001879,N004065,different,0.170462388,0.106356968,0.351087173
N000486,N011101,different,0.268841395,0.169230769,0.458673933
N007430,N010330,different,0.427636958,0.325123153,0.599022574
N006041,N009700,different,0.398816568,0.322269807,0.554344441
N000297,N003849,different,0.154191617,0.093226023,0.332768481
N003611,N007188,different,0.236756757,0.141013825,0.436931474
N009978,N009979,same,0.445841393,0.42366757,0.571574904
N001022,N001023,same,0.621788284,0.602251407,0.67435004
N001629,N005005,different,0.220014194,0.129305136,0.413618101
N002923,N007247,different,0.151230101,0.098265896,0.318822554
N003164,N009587,different,0.168290523,0.101314772,0.342125094
N006832,N010598,different,0.188852459,0.113142857,0.376905488
N006511,N006512,same,0.632160804,0.617967332,0.687615527
N002304,N009060,different,0.131818182,0.086021505,0.287353455
N002106,N006701,different,0.263513514,0.158407799,0.466356674
N006856,N006857,same,0.591811414,0.564665127,0.67645202
N003821,N009085,different,0.44820296,0.382938389,0.595457159
N004522,N009816,different,0.501687289,0.421890547,0.641180012
N008514,N008515,same,0.431544359,0.41490433,0.512132458
N008382,N009718,different,0.127906977,0.078207381,0.289273538
N005805,N011332,different,0.420059583,0.360861759,0.545115784
N004216,N004699,different,0.248888889,0.151886792,0.452994105
N001432,N008873,different,0.378029079,0.269415808,0.564395707
N002149,N003382,different,0.107246377,0.074912892,0.21299639
N004731,N009345,different,0.355119826,0.297808765,0.503763752
N002163,N002307,different,0.348837209,0.257326662,0.514723204
N002952,N008752,different,0.254347826,0.161985019,0.425501017
N000745,N005843,different,0.224572004,0.147058824,0.41493543
N005260,N011019,different,0.104201681,0.068807339,0.259363958
N002299,N009882,different,0.123318386,0.074596774,0.293672483
N002171,N005867,different,0.190909091,0.135399674,0.369863014
N005334,N007457,different,0.24287119,0.146218487,0.412271259
N005304,N005305,same,0.875156055,0.847268673,0.930270985
N005134,N005135,same,0.602649007,0.584694755,0.674680691
N000982,N005390,different,0.26023085,0.17027027,0.46000586
N002992,N009046,different,0.392982456,0.291793313,0.56185313
N000628,N000633,same,0.325465839,0.301385681,0.429505135
N000573,N006170,different,0.148825065,0.091477717,0.311641359
N010406,N010408,same,0.904867257,0.865979381,0.954183267
N002446,N002447,same,0.614785992,0.591179976,0.686507937
N000735,N001335,different,0.411549038,0.330906149,0.569374369
N008238,N011480,different,0.352490421,0.269854825,0.501020408
N000321,N000443,different,0.108388313,0.076990376,0.258105052
N007541,N007546,same,0.285570131,0.268089054,0.39044569
N002683,N007848,different,0.131296449,0.080029918,0.309758898
N009983,N009985,same,0.245143386,0.224094356,0.352430556
N007568,N007570,same,0.42087156,0.404232804,0.537792442
N005448,N005962,different,0.240654206,0.155085599,0.43943299
N004767,N004768,same,0.907630522,0.896616541,0.931734317
N007023,N007916,different,0.378486056,0.264367816,0.569290976
N000315,N000316,same,0.542528736,0.515279241,0.609763402
N001578,N002947,different,0.164914586,0.099078341,0.350850077
N009857,N010711,different,0.258566978,0.162811388,0.450200343
N002290,N003634,different,0.418045113,0.315147625,0.60355419
N011438,N011440,same,0.636474908,0.612866817,0.70529595
N010035,N011646,different,0.309815951,0.226158038,0.512658228
N001295,N001296,same,0.627994956,0.603044496,0.714694656
N005825,N010265,different,0.242454728,0.147186147,0.436580627
N002351,N005508,different,0.405555556,0.29036635,0.595874887
N011075,N011077,same,0.945500634,0.938132733,0.951108214
N011335,N011336,same,0.39089969,0.363723608,0.514975042
N000514,N011152,different,0.389660494,0.270642202,0.597544643
N010762,N010766,same,0.939839572,0.916464891,0.960596026
N001314,N003288,different,0.42405914,0.31015143,0.615741675
N001403,N001405,same,0.216037736,0.192573402,0.3264545
N010389,N010391,same,0.856942496,0.81495564,0.91807812
N001258,N001261,same,0.884514436,0.84032634,0.951317106
N003574,N011053,different,0.359925788,0.27376117,0.532556372
N001484,N005371,different,0.337288136,0.248905109,0.525866276
N005426,N005427,same,0.925925926,0.918402778,0.935081685
N008443,N010211,different,0.167103539,0.102416571,0.34421821
N005517,N011613,different,0.11038961,0.077253219,0.270448215
N005828,N010514,different,0.124542125,0.07636603,0.291335287
N011154,N011156,same,0.652946679,0.642917016,0.696577947
N002595,N003310,different,0.23500612,0.144050104,0.414666667
N008630,N011336,different,0.456016178,0.380650995,0.610572931
N004951,N008794,different,0.329716194,0.24691358,0.483511379
N000391,N004186,different,0.360745614,0.296921549,0.506179937
N000166,N008677,different,0.24695122,0.157528285,0.434398175
N009154,N011317,different,0.26993865,0.164359862,0.486766398
N002589,N009612,different,0.354736842,0.286806883,0.499036609
N008268,N009916,different,0.350533808,0.264150943,0.519273263
N002316,N002317,same,0.487836108,0.453364817,0.587874879
N006596,N011033,different,0.149842271,0.098011364,0.317003515
N010106,N010107,same,0.423286181,0.394605395,0.520833333
N008409,N008410,same,0.957219251,0.939393939,0.976345358
N001937,N007430,different,0.395910781,0.33195706,0.544613011
N000078,N006886,different,0.281524927,0.201058201,0.474375821
N010999,N011001,same,0.322170901,0.291932059,0.425375331
N001357,N010788,different,0.250922509,0.147859922,0.458791946
N000906,N011149,different,0.304736372,0.178021978,0.534640523
N003435,N009318,different,0.277520814,0.177205308,0.48212846
N002916,N004445,different,0.277777778,0.1953125,0.50310559
N003770,N011367,different,0.263157895,0.179190751,0.4417643
N010980,N010981,same,0.660447761,0.641715728,0.723758321
N005040,N005041,same,0.871929825,0.843450479,0.916666667
N008937,N008938,same,0.227272727,0.207119741,0.302570093
N002071,N006588,different,0.145754119,0.106432749,0.265940404
N010261,N011914,different,0.381245196,0.30013369,0.539721177
N000670,N000671,same,0.906030856,0.867591425,0.962382445
N000489,N007029,different,0.312121212,0.232240437,0.486176669
N007633,N010942,different,0.20702403,0.126592357,0.399413802
N005243,N006569,different,0.142218247,0.095701541,0.308526368
N001083,N001567,different,0.237362637,0.145557656,0.403955649
N000282,N006591,different,0.237810945,0.139378673,0.430615165
N003362,N003364,same,0.986394558,0.980982567,0.990376905
N005927,N008816,different,0.412055336,0.351423488,0.561028417
N001289,N001291,same,0.255468066,0.236176935,0.370762202
N005231,N005232,same,0.922165821,0.887850467,0.962409054
N003835,N003837,same,0.708984375,0.69614711,0.768723629
N004167,N005115,different,0.421588595,0.316681534,0.605522143
N002040,N003281,different,0.269489894,0.155750799,0.502403167
N002605,N010853,different,0.400688863,0.317023445,0.582627783
N011139,N011793,different,0.162898936,0.095348837,0.336960746
N001458,N002506,different,0.213495575,0.134486071,0.371411483
N007148,N011853,different,0.432904412,0.350448248,0.575400802
N001791,N008583,different,0.349038462,0.277730009,0.511835876
N008993,N008995,same,0.889937107,0.844380403,0.9585432
N004043,N004218,different,0.321904762,0.257383966,0.475435404
N011601,N011603,same,0.895209581,0.850746269,0.955613577
N002945,N010292,different,0.199548193,0.120286086,0.382205786
N006385,N011130,different,0.336,0.268576544,0.485052518
N006764,N009477,different,0.360869565,0.291052114,0.511053689
N004409,N011892,different,0.228679245,0.144236961,0.394310722
N000023,N002700,different,0.320671378,0.249805447,0.469965534
N001669,N003264,different,0.237849018,0.148312611,0.413422429
N002831,N008460,different,0.147786458,0.095842956,0.321690467
N004184,N005163,different,0.150289017,0.092198582,0.324284819
N009665,N011482,different,0.105300353,0.06400507,0.270999387
N000340,N009553,different,0.118226601,0.07514881,0.282668501
N002043,N008828,different,0.217475728,0.13918807,0.411114183
N003466,N003469,same,0.601081081,0.580708661,0.662924502
N005064,N005067,same,0.675403226,0.657169118,0.747730913
N000030,N007467,different,0.241148325,0.151020408,0.422318292
N011900,N011901,same,0.537022603,0.5302391,0.626085069
N006901,N008943,different,0.261952191,0.162299239,0.474634566
N003415,N005750,different,0.141025641,0.086353123,0.298679868
N005350,N005352,same,0.350662589,0.331168831,0.440955448
N007614,N008823,different,0.156562292,0.095571096,0.331322957
N004333,N008255,different,0.234929078,0.139689579,0.419146184
N009495,N009521,different,0.156876791,0.099173554,0.312828814
N006462,N006463,same,0.942622951,0.938826467,0.954062393
N001629,N008262,different,0.303000968,0.191558442,0.529861308
N002516,N010795,different,0.282801418,0.168993387,0.52172768
N006622,N006623,same,0.76635514,0.737991266,0.833825266
N010081,N010082,same,0.670920693,0.656838657,0.723170732
N007560,N007561,same,0.599786553,0.581463415,0.663100137
N005941,N006998,different,0.421309873,0.355887522,0.551669734
N004062,N004438,different,0.2304038,0.141538462,0.39190051
N000990,N002973,different,0.145348837,0.084899546,0.343067227
N008321,N008641,different,0.380295567,0.289817232,0.549430162
N008561,N008562,same,0.637349398,0.610491071,0.716075795
N001360,N001361,same,0.957528958,0.936479129,0.981191223
N008993,N008994,same,0.967051071,0.956923077,0.980701063
N005108,N005109,same,0.691987513,0.678301887,0.754779717
N001983,N001984,same,0.545331529,0.532418953,0.592
N006038,N009049,different,0.152566884,0.097861309,0.316225166
N001413,N007076,different,0.240647118,0.146238377,0.430032136
N005772,N005776,same,0.3125,0.28125,0.417436722
N000237,N009075,different,0.417266187,0.28927849,0.629390018
N011043,N011048,same,0.246875,0.219081272,0.370957239
N004742,N006981,different,0.228180862,0.141176471,0.410852713
N004801,N004802,same,0.555681818,0.528556594,0.638847639
N003994,N003995,same,0.210973725,0.190442727,0.323090055
N000643,N009675,different,0.410881801,0.337510443,0.561597938
N006086,N006087,same,0.906887755,0.885813149,0.937520233
N000266,N010102,different,0.287058824,0.180344478,0.479349186
N005028,N009701,different,0.270512821,0.179005525,0.453597497
N009670,N009671,same,0.90617849,0.864806867,0.955844156
N001005,N001804,different,0.387443946,0.329591018,0.523039216
N005314,N010609,different,0.422764228,0.315524827,0.615384615
N000417,N000419,same,0.915776987,0.897463002,0.938914729
N011041,N011048,same,0.230288837,0.202970297,0.355671221
N000992,N001435,different,0.242366412,0.145833333,0.433124489
N004107,N008166,different,0.156048676,0.094996833,0.316805527
N002590,N002591,same,0.935123043,0.909663866,0.958458458
N005119,N005121,same,0.638392857,0.618998979,0.705481397
N002826,N007185,different,0.121774194,0.081378299,0.28690182
N009349,N009350,same,0.864566929,0.816011236,0.942936951
N003121,N005007,different,0.137956204,0.081539465,0.309533722
N002947,N003566,different,0.094542659,0.06232493,0.241195304
N000485,N000488,same,0.808849558,0.749598716,0.896137339
N004349,N011691,different,0.404662781,0.318545455,0.572004745
N011281,N011282,same,0.677072121,0.661478599,0.724542334
N003865,N009372,different,0.170454545,0.105990783,0.323478261
N001198,N010109,different,0.391505792,0.269055375,0.594510154
N011975,N011976,same,0.612323492,0.585017836,0.694308943
N006419,N007183,different,0.114959469,0.077281812,0.268495428
N010407,N010605,different,0.234068627,0.151515152,0.413147031
N009079,N010570,different,0.436619718,0.360504202,0.583865203
N001415,N006560,different,0.358195212,0.268525896,0.53236288
N001653,N001654,same,0.582262211,0.554373522,0.668644906
N003355,N003823,different,0.124823695,0.076923077,0.291075051
N000355,N005276,different,0.351717902,0.264120923,0.525657071
N007573,N007574,same,0.37296748,0.35701107,0.451742627
N007999,N008002,same,0.927631579,0.911719939,0.941082164
N007057,N010814,different,0.103315343,0.066807314,0.26341884
N000264,N009708,different,0.304216867,0.214477212,0.501697217
N008825,N008828,same,0.568533969,0.531798246,0.660644384
N001284,N006893,different,0.203174603,0.12342982,0.40170778
N011033,N011035,same,0.946832579,0.933124347,0.960801144
N004348,N004349,same,0.459335624,0.423924449,0.553694287
N004177,N010930,different,0.24952919,0.146456693,0.461772853
N003845,N003847,same,0.621378621,0.604545455,0.676399679
N004106,N004107,same,0.243336199,0.223285486,0.365701043
N007911,N009413,different,0.227101631,0.147702407,0.392640108
N001010,N001011,same,0.297716895,0.276456112,0.404334828
N009213,N010572,different,0.164107486,0.105081826,0.30749287
N006364,N006366,same,0.244613435,0.225087925,0.330357143
N001447,N003703,different,0.220355731,0.13973064,0.39159292
N009727,N010185,different,0.167750325,0.097065463,0.357170468
N000605,N002652,different,0.215219062,0.133072407,0.406833713
N004016,N004017,same,0.223356009,0.203157895,0.300782382
N010689,N011576,different,0.143194335,0.089488636,0.315976069
N001733,N001734,same,0.75,0.689378758,0.84061569
N004845,N007461,different,0.147204529,0.092163009,0.323366783
N010880,N010881,same,0.806701031,0.803140097,0.835320657
N000498,N001176,different,0.258160237,0.160100587,0.449126698
N001285,N003729,different,0.16739702,0.110248447,0.325485437
N006173,N008196,different,0.252124646,0.14765625,0.477030812
N008110,N009707,different,0.412805392,0.326937269,0.576859111
N007193,N010619,different,0.433194154,0.368075117,0.576519337
N000561,N003679,different,0.418864908,0.323671498,0.58735554
N003026,N003027,same,0.589775561,0.564367816,0.667299178
N004552,N004553,same,0.72027972,0.698352345,0.760111576
N007647,N009169,different,0.406844106,0.338968724,0.552371027
N005744,N010823,different,0.365831012,0.286764706,0.526772055
N001880,N002772,different,0.152757079,0.095844504,0.330400168
N003351,N006982,different,0.175618073,0.11419985,0.321997622
N006591,N011935,different,0.317843866,0.19295559,0.548334244
N008482,N010584,different,0.255378859,0.149019608,0.483773377
N005814,N006544,different,0.130044843,0.080160321,0.296931989
N006622,N006638,different,0.133333333,0.090692124,0.314941984
N008603,N010598,different,0.155539252,0.095612312,0.330233519
N000753,N000755,same,0.878493317,0.848060345,0.924540266
N006153,N009437,different,0.405614714,0.304311074,0.597241006
N002548,N010207,different,0.423809524,0.293882979,0.628525568
N004026,N010431,different,0.251976285,0.154751892,0.453233417
N000339,N002440,different,0.239355581,0.150548355,0.43586471
N000964,N008611,different,0.36101083,0.265932337,0.537157107
N001833,N004195,different,0.395676692,0.301403799,0.56824147
N001282,N004950,different,0.121842496,0.078457447,0.280266722
N000030,N009868,different,0.235233161,0.15557554,0.406837607
N001010,N004708,different,0.424440299,0.35070306,0.579784505
N000566,N008517,different,0.176699029,0.101180438,0.368691678
N011092,N011095,same,0.68466731,0.666375546,0.753890041
N001983,N009014,different,0.218527316,0.13599182,0.398543529
N005044,N005045,same,0.931338028,0.921052632,0.943129929
N003201,N003203,same,0.988304094,0.978354978,0.992673993
N000238,N001915,different,0.280104712,0.167146974,0.511163032
N000461,N004754,different,0.460540541,0.389863548,0.594355758
N000135,N010890,different,0.1302589,0.081259151,0.295173962
N011414,N011759,different,0.236503856,0.157239819,0.419165805
N003751,N007825,different,0.199236155,0.123966942,0.393040502
N006774,N009531,different,0.493706294,0.389162562,0.653902261
N000516,N006620,different,0.201890034,0.13253012,0.374097256
N004325,N004949,different,0.237612613,0.15234375,0.408280447
N000557,N004353,different,0.236252546,0.144599303,0.415246896
N000286,N008208,different,0.430555556,0.336182336,0.583599089
N002691,N010535,different,0.442206655,0.351268255,0.58276107
N000490,N006570,different,0.355727821,0.266320475,0.528109029
N005692,N009368,different,0.128448276,0.085691824,0.295629203
N006324,N006325,same,0.592519685,0.569494585,0.669686772
N004951,N011682,different,0.387401575,0.274009402,0.585520362
N010982,N010985,same,0.641870351,0.622918707,0.700824176
N009834,N009835,same,0.539106145,0.49934811,0.648574373
N003500,N003501,same,0.646989374,0.628664495,0.724680725
N010499,N011269,different,0.1035313,0.071428571,0.271163726
N005257,N010502,different,0.147997284,0.091561939,0.314064362
N003920,N006487,different,0.193902439,0.123417722,0.354187355
N011834,N011835,same,0.898684211,0.873684211,0.927897574
N004364,N007454,different,0.182902584,0.115761354,0.346103038
N004158,N008744,different,0.248931624,0.157221207,0.428199189
N005771,N006045,different,0.11862836,0.082835184,0.269452089
N001865,N011525,different,0.26919519,0.158950617,0.500674764
N001362,N001363,same,0.234242709,0.208333333,0.349673203
N009863,N009866,same,0.299888517,0.28024819,0.406019307
N000175,N002508,different,0.297835498,0.180057389,0.53297546
N006545,N006546,same,0.692307692,0.682156134,0.753607405
N000215,N005986,different,0.402245089,0.336658354,0.557224236
N004433,N011613,different,0.132384342,0.085079365,0.293276109
N000064,N010912,different,0.119589142,0.078547855,0.284546026
N008572,N009975,different,0.218978102,0.134408602,0.420380273
N000431,N001948,different,0.165064103,0.11577424,0.305742574
N002598,N004139,different,0.248296008,0.147034931,0.435108153
N007063,N007064,same,0.664018161,0.648704663,0.725749559
N008238,N008239,same,0.634636872,0.611168563,0.715996578
N000518,N009485,different,0.097495528,0.062908497,0.251584593
N003093,N003735,different,0.137184116,0.084452975,0.318615257
N001977,N007620,different,0.142857143,0.084629745,0.320268075
N009205,N009208,same,0.408523909,0.379243453,0.537810538
N003317,N010218,different,0.207507821,0.133574007,0.375
N006112,N006266,different,0.156981132,0.098923284,0.322023182
N003208,N003758,different,0.174729242,0.110684581,0.352258599
N008188,N008190,same,0.971209213,0.959074733,0.983019734
N003051,N011987,different,0.141737892,0.088495575,0.312615007
N001446,N004867,different,0.171758877,0.105873822,0.329873126
N000895,N009304,different,0.411398964,0.330827068,0.571117759
N000161,N010769,different,0.109022556,0.074099252,0.256110521
N003327,N003328,same,0.639925373,0.617647059,0.696009975
N008176,N010603,different,0.149046794,0.098658248,0.315270936
N001633,N001634,same,0.31201248,0.285921626,0.399470899
N004001,N007546,different,0.517964072,0.42972973,0.680030546
N000937,N000938,same,0.535244922,0.502183406,0.609741248
N008048,N008050,same,0.9375,0.932555123,0.94848271
N004328,N008917,different,0.232790989,0.152222222,0.392614189
N004757,N008828,different,0.245464248,0.151736746,0.450624628
N005397,N005398,same,0.310572687,0.280829016,0.437694264
N001291,N007292,different,0.250224215,0.155990957,0.436582809
N007205,N007207,same,0.990551181,0.985358712,0.993140244
N002229,N011361,different,0.45083014,0.37630662,0.6000666
N005375,N005716,different,0.165262476,0.0989819,0.344094336
N002758,N002818,different,0.227122381,0.144508671,0.396024918
N009564,N011151,different,0.419655667,0.313989004,0.596372838
N008487,N008488,same,0.926905132,0.897038082,0.961748634
N007856,N007858,same,0.612483745,0.593787336,0.687015504
N000647,N001025,different,0.137184116,0.08628461,0.296632927
N003489,N010336,different,0.237704918,0.148524924,0.437898089
N000327,N009318,different,0.242793792,0.162162162,0.420066485
N005431,N006150,different,0.158011869,0.100199071,0.334040297
N002684,N004549,different,0.145043732,0.085230969,0.316311763
N005744,N007062,different,0.125879593,0.080028329,0.281476599
N004248,N011184,different,0.224852071,0.134282808,0.410130719
N003020,N003021,same,0.418145957,0.393939394,0.547439563
N000160,N003947,different,0.289122137,0.181598063,0.519879353
N006712,N008335,different,0.245555556,0.157792836,0.428314876
N000843,N005365,different,0.223607038,0.139027431,0.402927249
N011628,N011629,same,0.279143537,0.260144928,0.391151993
N000026,N011332,different,0.450996678,0.357039187,0.619799139
N003058,N009240,different,0.213191991,0.133333333,0.38571884
N000396,N000397,same,0.337006428,0.315292096,0.462953876
N006146,N006401,different,0.155313351,0.094521373,0.339225422
N007004,N011967,different,0.242788462,0.154564315,0.434067741
N002229,N002230,same,0.396322778,0.37280296,0.483378747
N002088,N011862,different,0.345887017,0.276408451,0.509883563
N004709,N004711,same,0.933977456,0.924444444,0.946878635
N001940,N002621,different,0.167780749,0.105509965,0.346950976
N004803,N004804,same,0.872791519,0.841091493,0.913881748
N003748,N011207,different,0.113564669,0.083092486,0.26111845
N001623,N010411,different,0.114381833,0.074016962,0.286446204
N002821,N007053,different,0.370826011,0.262762763,0.565086531
N001977,N006802,different,0.439930856,0.353343465,0.589158345
N000993,N011320,different,0.267665953,0.163191296,0.487357014
N008784,N011076,different,0.430894309,0.3138479,0.638758424
N001137,N005072,different,0.189123377,0.121448864,0.336505778
N007487,N007491,same,0.480366492,0.442143727,0.572442723
N002401,N005487,different,0.23960396,0.147679325,0.439355386
N001101,N002086,different,0.174694926,0.10726257,0.356077982
N004655,N010935,different,0.435837246,0.326845638,0.610040341
N004085,N004086,same,0.906127771,0.878394333,0.945801271
N003125,N003127,same,0.909217877,0.8840399,0.96125731
N001101,N001666,different,0.160337553,0.107818411,0.334490504
N001141,N001142,same,0.254172015,0.222095672,0.341021417
N006480,N008863,different,0.106290672,0.078842315,0.203249793
N000817,N011666,different,0.397736459,0.283737024,0.607059916
N000219,N003185,different,0.244549763,0.150321543,0.453472413
N001988,N006863,different,0.165406427,0.10729254,0.328486108
N009478,N009479,same,0.645131938,0.622093023,0.709654004
N001784,N005288,different,0.143829787,0.094980695,0.303951368
N001436,N002155,different,0.110125647,0.068438538,0.262054507
N006423,N011777,different,0.250453721,0.144806672,0.465969989
N006565,N006569,same,0.293508937,0.272189349,0.386340726
N003427,N006396,different,0.293601004,0.178947368,0.529858849
N009745,N009848,different,0.409125475,0.307086614,0.575102658
N002762,N002765,same,0.620403321,0.600220264,0.687575758
N000065,N000124,different,0.166193182,0.102143758,0.337895812
N001140,N008945,different,0.200611621,0.119519833,0.389296188
N002973,N002974,same,0.741607325,0.712945591,0.796315789
N006774,N006775,same,0.347442681,0.318181818,0.431289641
N011429,N011433,same,0.619745846,0.598585323,0.682168551
N009822,N009823,same,0.306077348,0.285272915,0.398870056
N009371,N009372,same,0.64368932,0.625,0.699021627
N001006,N009138,different,0.311764706,0.226315789,0.50976431
N000723,N009281,different,0.139903515,0.08801956,0.310378848
N000259,N003124,different,0.284444444,0.163531114,0.500797448
N002544,N002792,different,0.442698706,0.359836066,0.602795426
N002931,N008664,different,0.3125,0.241935484,0.494213751
N000990,N002132,different,0.383122363,0.277169949,0.563537221
N005946,N007449,different,0.179614667,0.111767867,0.372667295
N004307,N010960,different,0.244469027,0.147198481,0.461990111
N005835,N008645,different,0.440206186,0.381308411,0.566522445
N001422,N004687,different,0.354231975,0.254847645,0.548070175
N007233,N007728,different,0.118311982,0.07219973,0.279624893
N009592,N009782,different,0.271347249,0.1672,0.499728261
N011533,N011534,same,0.546499478,0.523580366,0.615302013
N005300,N005301,same,0.943765281,0.929304447,0.957616708
N005855,N007938,different,0.23800738,0.141538462,0.43889938
N007921,N007922,same,0.551881414,0.543524416,0.601767305
N001521,N006976,different,0.361581921,0.291960508,0.512826386
N000725,N008406,different,0.39462978,0.287709497,0.579639889
N004174,N006820,different,0.252196837,0.148748159,0.47280887
N000607,N004665,different,0.251859724,0.147717099,0.462957363
N003228,N006079,different,0.23255814,0.140794224,0.427467301
N010506,N010507,same,0.534965035,0.504823151,0.6
N010699,N010700,same,0.557795699,0.527363184,0.654864328
N001185,N004181,different,0.303058387,0.241350906,0.450125945
N005027,N005028,same,0.92991453,0.90247678,0.96263644
N001758,N009092,different,0.213383838,0.134955752,0.379839786
N002928,N003582,different,0.124475524,0.076971609,0.298757641
N003050,N008741,different,0.433048433,0.353730092,0.595219333
N004158,N011487,different,0.227021041,0.139204545,0.411246201
N000139,N007621,different,0.217204301,0.140858209,0.395926924
N007036,N007038,same,0.343103448,0.309409888,0.433901054
N002201,N002648,different,0.221793635,0.141205615,0.408805031
N000003,N000843,different,0.427695004,0.344907407,0.572390572
N007190,N008966,different,0.254564984,0.149727768,0.452121212
N010033,N010034,same,0.969255663,0.958271237,0.982024228
N005989,N005990,same,0.598584429,0.570905764,0.667110874
N002242,N004023,different,0.21395881,0.134,0.393376664
N000443,N004578,different,0.107725018,0.069162437,0.258997169
N005743,N005744,same,0.388297872,0.374628345,0.493459505
N003903,N006662,different,0.139412208,0.087312415,0.307692308
N011033,N011036,same,0.564463705,0.534057256,0.656645125
N006643,N006644,same,0.349841939,0.333333333,0.43902439
N003720,N006775,different,0.291021672,0.201634877,0.513475177
N003418,N007053,different,0.216886135,0.139519359,0.400044573
N003804,N005139,different,0.14638448,0.100638978,0.308484551
N002540,N007668,different,0.133802817,0.083626142,0.298292304
N008366,N008369,same,0.918224299,0.898852972,0.94223046
N010742,N010743,same,0.524146054,0.504741834,0.577930175
N004746,N004760,different,0.278491172,0.168100596,0.497340426
N007368,N009303,different,0.371757925,0.285957447,0.540005281
N007396,N007397,same,0.928819444,0.900943396,0.961636829
N001143,N009969,different,0.333641405,0.257723577,0.485908405
N002468,N002469,same,0.946236559,0.935286935,0.958922559
N007220,N011663,different,0.201433121,0.126564673,0.364450414
N005926,N007181,different,0.235474006,0.140747176,0.429979704
N003437,N005168,different,0.104511278,0.069672131,0.249526615
N000355,N000372,different,0.180555556,0.108669109,0.365543676
N010682,N010683,same,0.942998761,0.935093509,0.951653944
N004567,N008956,different,0.276830491,0.171019377,0.486281378
N008093,N008094,same,0.412844037,0.398294762,0.49748912
N004447,N004449,same,0.379047619,0.349206349,0.469179601
N001475,N004007,different,0.178073895,0.106638787,0.373555841
N001138,N009030,different,0.14197052,0.090526316,0.299290475
N004140,N010723,different,0.381556684,0.279069767,0.559667853
N007477,N007828,different,0.404782237,0.316765579,0.56741168
N008284,N009896,different,0.227822581,0.141146279,0.428733032
N006759,N008551,different,0.18459069,0.134306569,0.3276
N004856,N010634,different,0.391846922,0.313182811,0.544410593
N003022,N010880,different,0.160220994,0.101296596,0.332202505
N001271,N001372,different,0.223451327,0.140535373,0.394970868
N002952,N006725,different,0.262264151,0.159144893,0.474177147
N009630,N010560,different,0.343959732,0.261029412,0.516611296
N002342,N008733,different,0.157641396,0.114072495,0.273877293
N002631,N007528,different,0.190193165,0.131474104,0.335598339
N002957,N003701,different,0.179440938,0.114195083,0.346573982
N011515,N011516,same,0.471330275,0.445147679,0.569286143
N004013,N005436,different,0.135908441,0.08778626,0.299547697
N010144,N010145,same,0.961759082,0.95035461,0.976954361
N004509,N004511,same,0.684007707,0.673010381,0.741733923
N003868,N011674,different,0.259345794,0.152,0.443850267
N008357,N009838,different,0.218816068,0.141414141,0.397687861
N005241,N005242,same,0.880749574,0.8484375,0.918503119
N008230,N009234,different,0.116519174,0.07992074,0.267778936
N000666,N000923,different,0.124116261,0.075552388,0.315497336
N003267,N005780,different,0.247464503,0.152910513,0.420310296
N001044,N001720,different,0.154116819,0.09875,0.332189015
N011522,N011523,same,0.617021277,0.586206897,0.702421085
N009330,N010526,different,0.267285862,0.162891986,0.462008734
N003319,N008808,different,0.408637874,0.328078818,0.574651232
N006178,N006182,same,0.41025641,0.39552964,0.502397743
N002814,N005953,different,0.209395973,0.131985731,0.372373407
N007615,N007616,same,0.691434469,0.678571429,0.747852591
N007876,N007877,same,0.49122807,0.48312611,0.538461538
N004729,N004730,same,0.528490028,0.484687084,0.642582897
N005862,N006116,different,0.467317806,0.343074968,0.657706482
N000562,N005787,different,0.144792549,0.08493353,0.308933301
N007575,N009140,different,0.106072874,0.073496659,0.264692586
N011000,N011001,same,0.316441441,0.285123967,0.426878613
N006167,N009175,different,0.238716148,0.146507666,0.432200971
N004662,N009916,different,0.165865385,0.106290672,0.34561286
N010431,N010432,same,0.895223421,0.875706215,0.924318095
N001509,N001510,same,0.623215985,0.60806175,0.682689849
N000737,N002287,different,0.224568138,0.129421222,0.418217162
N001764,N001765,same,0.571794872,0.542011834,0.664136622
N004877,N006275,different,0.288713911,0.170381021,0.528919131
N002351,N006165,different,0.330106486,0.267764298,0.473300339
N009140,N009547,different,0.405918058,0.307944846,0.588977424
N007104,N007105,same,0.962,0.947663551,0.979087452
N000463,N000465,same,0.686131387,0.671755725,0.756632377
N001124,N011201,different,0.228712871,0.143222506,0.399456522
N004151,N010614,different,0.472140762,0.37661221,0.644104217
N003957,N007645,different,0.228250702,0.137903861,0.442565754
N003941,N009735,different,0.157162726,0.095561036,0.342331534
N000647,N008088,different,0.116240725,0.080149813,0.268169273
N002017,N005475,different,0.407465008,0.282152231,0.616205175
N000323,N006510,different,0.262731481,0.163672655,0.473002842
N008539,N008542,same,0.391256831,0.368902439,0.496555683
N002578,N006004,different,0.442804428,0.357084357,0.588541667
N001918,N002086,different,0.190504451,0.112064614,0.390479664
N002507,N002508,same,0.938239159,0.927971188,0.952380952
N001934,N011090,different,0.340849957,0.250187829,0.518844836
N004269,N011588,different,0.285294118,0.210526316,0.484662577
N005629,N006728,different,0.170468948,0.10428101,0.360030366
N008009,N008010,same,0.381496881,0.358508604,0.483513514
N009840,N009841,same,0.393323657,0.370068027,0.498936924
